"","algorithm","iterations","swarm_size","design_pts","problem","obj_value","time"
"1","DE",50,20,2,"1",-32.6488843380908,0.292026996612549
"2","DE",50,20,2,"2",-37.1457095778676,0.25920295715332
"3","DE",50,20,2,"3",-26.8214686662602,0.290440082550049
"4","DE",50,20,2,"4",-36.8820836595815,0.279536962509155
"5","DE",50,20,2,"5",-36.5588239691802,0.278430938720703
"6","DE",50,20,2,"6",-104.894533980034,0.290935039520264
"7","DE",50,20,3,"1",-1.26360738799654,0.22591495513916
"8","DE",50,20,3,"2",-7.93624949115761,0.219011068344116
"9","DE",50,20,3,"3",4.78681114828953,0.293025970458984
"10","DE",50,20,3,"4",-5.7115764767816,0.21382999420166
"11","DE",50,20,3,"5",-6.24505792573577,0.24329400062561
"12","DE",50,20,3,"6",-78.4931972471435,0.286163091659546
"13","DE",50,20,4,"1",-1.81339874544418,0.222050189971924
"14","DE",50,20,4,"2",-7.81811799688191,0.223500967025757
"15","DE",50,20,4,"3",32.8095421640185,0.247450113296509
"16","DE",50,20,4,"4",-8.8660485673208,0.251857042312622
"17","DE",50,20,4,"5",-8.30541817403533,0.228607892990112
"18","DE",50,20,4,"6",-71.150641924925,0.216718912124634
"19","DE",50,50,2,"1",-32.6094708993723,0.334211826324463
"20","DE",50,50,2,"2",-36.9654982820505,0.317774057388306
"21","DE",50,50,2,"3",-28.4830223781567,0.381622076034546
"22","DE",50,50,2,"4",-38.1926365033622,0.313415050506592
"23","DE",50,50,2,"5",-36.4984085076747,0.342725038528442
"24","DE",50,50,2,"6",-105.571869014838,0.387034893035889
"25","DE",50,50,3,"1",-1.25721260129696,0.296720027923584
"26","DE",50,50,3,"2",-7.87906552817635,0.294266939163208
"27","DE",50,50,3,"3",5.43519698955305,0.364842176437378
"28","DE",50,50,3,"4",-3.08184844259811,0.283251047134399
"29","DE",50,50,3,"5",-6.86753953226346,0.291460037231445
"30","DE",50,50,3,"6",-75.9346509689527,0.385839939117432
"31","DE",50,50,4,"1",-1.19133813308202,0.289367914199829
"32","DE",50,50,4,"2",-8.0755249903692,0.286391019821167
"33","DE",50,50,4,"3",33.6002797294575,0.328199148178101
"34","DE",50,50,4,"4",-2.48307081005773,0.27236008644104
"35","DE",50,50,4,"5",-6.91901846101116,0.298892974853516
"36","DE",50,50,4,"6",-53.4257327749722,0.353149890899658
"37","DE",50,100,2,"1",-32.4878100267531,0.433758020401001
"38","DE",50,100,2,"2",-37.0128187068947,0.457358121871948
"39","DE",50,100,2,"3",-27.1108662172777,0.62777590751648
"40","DE",50,100,2,"4",-37.0885532244027,0.428686857223511
"41","DE",50,100,2,"5",-36.5836619465015,0.465260982513428
"42","DE",50,100,2,"6",-98.028584847472,0.523085117340088
"43","DE",50,100,3,"1",-1.22885060567898,0.396988153457642
"44","DE",50,100,3,"2",-7.85002241746426,0.434455871582031
"45","DE",50,100,3,"3",5.62382447883623,0.613759994506836
"46","DE",50,100,3,"4",-2.41035299621527,0.382791042327881
"47","DE",50,100,3,"5",-4.80612598648142,0.414749145507812
"48","DE",50,100,3,"6",-68.5885255965161,0.537178039550781
"49","DE",50,100,4,"1",-1.37105829042131,0.377324819564819
"50","DE",50,100,4,"2",-8.02318282255132,0.403748035430908
"51","DE",50,100,4,"3",33.4596964599357,0.453505039215088
"52","DE",50,100,4,"4",-4.77540981243631,0.359606027603149
"53","DE",50,100,4,"5",-6.8214933899672,0.38004207611084
"54","DE",50,100,4,"6",-47.1530680520612,0.492906093597412
"55","DE",100,20,2,"1",-32.9052406657365,0.31097412109375
"56","DE",100,20,2,"2",-36.6366820285251,0.30738091468811
"57","DE",100,20,2,"3",-27.1220776363379,0.329396963119507
"58","DE",100,20,2,"4",-35.1896847672128,0.310654163360596
"59","DE",100,20,2,"5",-36.5804791424442,0.324307918548584
"60","DE",100,20,2,"6",-104.114225797844,0.365485906600952
"61","DE",100,20,3,"1",-1.14949569256852,0.280643939971924
"62","DE",100,20,3,"2",-7.67468437869478,0.27176308631897
"63","DE",100,20,3,"3",5.75227736009221,0.361292839050293
"64","DE",100,20,3,"4",-0.540569593043163,0.265190124511719
"65","DE",100,20,3,"5",-3.67393475017976,0.289602994918823
"66","DE",100,20,3,"6",-77.1519721901348,0.365759134292603
"67","DE",100,20,4,"1",-1.1989842909918,0.277588129043579
"68","DE",100,20,4,"2",-7.65942339816772,0.275796890258789
"69","DE",100,20,4,"3",33.948451443706,0.317944049835205
"70","DE",100,20,4,"4",-0.838593173859824,0.279891967773438
"71","DE",100,20,4,"5",-3.88064218369808,0.297821044921875
"72","DE",100,20,4,"6",-43.9238803593378,0.324806928634644
"73","DE",100,50,2,"1",-32.5329240258071,0.448268175125122
"74","DE",100,50,2,"2",-36.5228201788226,0.434619903564453
"75","DE",100,50,2,"3",-26.8877983707318,0.515510082244873
"76","DE",100,50,2,"4",-35.7335927439383,0.453612089157104
"77","DE",100,50,2,"5",-36.1985621250654,0.471597909927368
"78","DE",100,50,2,"6",-95.1188117688798,0.814700126647949
"79","DE",100,50,3,"1",-1.15213596898115,0.398797035217285
"80","DE",100,50,3,"2",-7.59683468569605,0.417482137680054
"81","DE",100,50,3,"3",5.60770216097797,0.54955792427063
"82","DE",100,50,3,"4",-0.855585892931934,0.399679899215698
"83","DE",100,50,3,"5",-3.95847704307147,0.441637992858887
"84","DE",100,50,3,"6",-64.035482502212,0.560046195983887
"85","DE",100,50,4,"1",-1.20346986867803,0.418259143829346
"86","DE",100,50,4,"2",-7.60477974838312,0.397559881210327
"87","DE",100,50,4,"3",33.7676275719004,0.472393989562988
"88","DE",100,50,4,"4",-3.2231351668735,0.394629001617432
"89","DE",100,50,4,"5",-5.77195504607574,0.455781936645508
"90","DE",100,50,4,"6",-42.1759047636081,0.538592100143433
"91","DE",100,100,2,"1",-32.4011690380675,0.667792081832886
"92","DE",100,100,2,"2",-36.5611961970261,0.6803138256073
"93","DE",100,100,2,"3",-25.9798026612223,0.771265983581543
"94","DE",100,100,2,"4",-35.2806030845414,0.795351028442383
"95","DE",100,100,2,"5",-36.1044514070888,0.702538013458252
"96","DE",100,100,2,"6",-95.8370578076547,0.873472213745117
"97","DE",100,100,3,"1",-1.1331492314871,0.606176137924194
"98","DE",100,100,3,"2",-7.68065648019735,0.597887992858887
"99","DE",100,100,3,"3",6.47150034491711,0.802772045135498
"100","DE",100,100,3,"4",-0.526462684621846,0.604826927185059
"101","DE",100,100,3,"5",-3.59180503738118,0.670017004013062
"102","DE",100,100,3,"6",-65.9720777011234,0.877807140350342
"103","DE",100,100,4,"1",-1.15209308095964,0.632220029830933
"104","DE",100,100,4,"2",-7.75122061506685,0.626500844955444
"105","DE",100,100,4,"3",33.9617498148709,0.749024152755737
"106","DE",100,100,4,"4",-0.879247759003578,0.592314958572388
"107","DE",100,100,4,"5",-4.16513136988184,0.689401865005493
"108","DE",100,100,4,"6",-43.9111668614185,0.847814083099365
"109","DE",200,20,2,"1",-32.4288891737017,0.398849010467529
"110","DE",200,20,2,"2",-36.3800777731521,0.403789043426514
"111","DE",200,20,2,"3",-25.6263855923402,0.455807209014893
"112","DE",200,20,2,"4",-34.4887864811442,0.406445026397705
"113","DE",200,20,2,"5",-36.351762750608,0.427220106124878
"114","DE",200,20,2,"6",-103.495905664963,0.492832899093628
"115","DE",200,20,3,"1",-1.127542734785,0.387242078781128
"116","DE",200,20,3,"2",-7.63031787002651,0.362358093261719
"117","DE",200,20,3,"3",6.42799092662429,0.468436002731323
"118","DE",200,20,3,"4",-0.301710504768851,0.35947585105896
"119","DE",200,20,3,"5",-3.5273144043089,0.388341903686523
"120","DE",200,20,3,"6",-61.9271286257264,0.51159405708313
"121","DE",200,20,4,"1",-1.14127853092217,0.385418176651001
"122","DE",200,20,4,"2",-7.55261306002304,0.382122039794922
"123","DE",200,20,4,"3",34.019028956002,0.419771194458008
"124","DE",200,20,4,"4",-0.368336854607529,0.383419036865234
"125","DE",200,20,4,"5",-3.61770798919215,0.396098136901855
"126","DE",200,20,4,"6",-39.5165438997133,0.47681999206543
"127","DE",200,50,2,"1",-32.4268613041919,0.649316787719727
"128","DE",200,50,2,"2",-36.2774348615584,0.664900064468384
"129","DE",200,50,2,"3",-25.3734281521833,0.943050146102905
"130","DE",200,50,2,"4",-34.6258238608375,0.664551973342896
"131","DE",200,50,2,"5",-34.5601921735007,0.743413925170898
"132","DE",200,50,2,"6",-92.709065588563,0.866456031799316
"133","DE",200,50,3,"1",-1.12626601204234,0.604648113250732
"134","DE",200,50,3,"2",-7.58386304661816,0.605127096176147
"135","DE",200,50,3,"3",6.49556402285991,0.778844118118286
"136","DE",200,50,3,"4",-0.302189852996975,0.6283860206604
"137","DE",200,50,3,"5",-3.5277433266368,0.687425136566162
"138","DE",200,50,3,"6",-62.2549227994513,0.880659818649292
"139","DE",200,50,4,"1",-1.13197955505985,0.629503011703491
"140","DE",200,50,4,"2",-7.62037198435244,0.648359060287476
"141","DE",200,50,4,"3",34.011876511551,0.747950077056885
"142","DE",200,50,4,"4",-0.398265318696774,0.620201110839844
"143","DE",200,50,4,"5",-3.54194599608638,0.67375111579895
"144","DE",200,50,4,"6",-39.596443233472,0.873339176177979
"145","DE",200,100,2,"1",-32.3096881988133,1.11571502685547
"146","DE",200,100,2,"2",-36.2352786321098,1.08962178230286
"147","DE",200,100,2,"3",-25.249338180497,1.32049584388733
"148","DE",200,100,2,"4",-34.3818432930062,1.23777079582214
"149","DE",200,100,2,"5",-35.1899591643948,1.22964406013489
"150","DE",200,100,2,"6",-93.1703459681807,1.5082700252533
"151","DE",200,100,3,"1",-1.12634590008292,1.02422499656677
"152","DE",200,100,3,"2",-7.58117393654489,1.04571390151978
"153","DE",200,100,3,"3",6.55343802677033,1.35429692268372
"154","DE",200,100,3,"4",-0.295142732441604,1.02503085136414
"155","DE",200,100,3,"5",-3.63713885475354,1.19246912002563
"156","DE",200,100,3,"6",-63.5760039988932,1.58839511871338
"157","DE",200,100,4,"1",-1.16293737057015,1.10953402519226
"158","DE",200,100,4,"2",-7.54934315233084,1.10917592048645
"159","DE",200,100,4,"3",33.9715617565834,1.30928206443787
"160","DE",200,100,4,"4",-0.313517417088194,1.18583297729492
"161","DE",200,100,4,"5",-3.93986711779912,1.29086804389954
"162","DE",200,100,4,"6",-39.5761995860176,1.53617477416992
"163","DE",500,20,2,"1",-32.3760746705293,0.669543027877808
"164","DE",500,20,2,"2",-36.3619878232553,0.663748025894165
"165","DE",500,20,2,"3",-25.2590896091006,0.829362154006958
"166","DE",500,20,2,"4",-34.4849667081637,0.676239967346191
"167","DE",500,20,2,"5",-35.9326923428938,0.738724946975708
"168","DE",500,20,2,"6",-91.8910617067427,0.890106916427612
"169","DE",500,20,3,"1",-1.12591222312393,0.636282920837402
"170","DE",500,20,3,"2",-7.57854639472107,0.630191087722778
"171","DE",500,20,3,"3",6.7259918706792,0.810322046279907
"172","DE",500,20,3,"4",-0.291227705766094,0.633531093597412
"173","DE",500,20,3,"5",-3.52694322347381,0.695125102996826
"174","DE",500,20,3,"6",-75.0355040558148,0.867515087127686
"175","DE",500,20,4,"1",-1.12612465484417,0.666454076766968
"176","DE",500,20,4,"2",-7.51083154234989,0.679342985153198
"177","DE",500,20,4,"3",34.0249153953491,0.787742137908936
"178","DE",500,20,4,"4",-0.291227307576239,0.67008900642395
"179","DE",500,20,4,"5",-3.52869314388222,0.714974164962769
"180","DE",500,20,4,"6",-39.5054092723144,1.00297498703003
"181","DE",500,50,2,"1",-32.1707048836853,1.34322714805603
"182","DE",500,50,2,"2",-36.0026107894216,1.3642430305481
"183","DE",500,50,2,"3",-24.8606506724597,1.64699602127075
"184","DE",500,50,2,"4",-34.1219610868505,1.34033584594727
"185","DE",500,50,2,"5",-36.1147714717302,1.54232311248779
"186","DE",500,50,2,"6",-91.937583585332,1.85278797149658
"187","DE",500,50,3,"1",-1.12591195951309,1.31878805160522
"188","DE",500,50,3,"2",-7.5785459688746,1.3045699596405
"189","DE",500,50,3,"3",6.94853232725793,1.68975400924683
"190","DE",500,50,3,"4",-0.291228962336609,1.43642711639404
"191","DE",500,50,3,"5",-3.52665676576317,1.44819498062134
"192","DE",500,50,3,"6",-61.3372654352277,1.93131494522095
"193","DE",500,50,4,"1",-1.12599075316796,1.38730502128601
"194","DE",500,50,4,"2",-7.5268412639348,1.38350892066956
"195","DE",500,50,4,"3",34.0248707014766,1.67736220359802
"196","DE",500,50,4,"4",-0.291520999068503,1.37813901901245
"197","DE",500,50,4,"5",-3.52677679774144,1.54618716239929
"198","DE",500,50,4,"6",-39.5057743635313,1.91055107116699
"199","DE",500,100,2,"1",-32.0899465974492,2.58623290061951
"200","DE",500,100,2,"2",-36.0585045541946,2.45913314819336
"201","DE",500,100,2,"3",-25.1507330277225,3.07354879379272
"202","DE",500,100,2,"4",-34.1854589122662,2.57009315490723
"203","DE",500,100,2,"5",-33.8816042266005,3.05676698684692
"204","DE",500,100,2,"6",-92.3571646782161,3.7618191242218
"205","DE",500,100,3,"1",-1.12591196385236,2.39309597015381
"206","DE",500,100,3,"2",-7.63020082149847,2.4193811416626
"207","DE",500,100,3,"3",7.08945573416069,3.18079400062561
"208","DE",500,100,3,"4",-0.291227986166289,2.44772601127625
"209","DE",500,100,3,"5",-3.5266571224955,2.88092398643494
"210","DE",500,100,3,"6",-61.6873076543693,3.66474199295044
"211","DE",500,100,4,"1",-1.12601708793011,2.62653017044067
"212","DE",500,100,4,"2",-7.51202617757077,2.65003395080566
"213","DE",500,100,4,"3",34.0242133836853,3.25252890586853
"214","DE",500,100,4,"4",-0.291726637330822,2.55611491203308
"215","DE",500,100,4,"5",-3.52682020819,2.92677903175354
"216","DE",500,100,4,"6",-39.505516940687,3.61175394058228
"217","DE",1000,20,2,"1",-32.1885870008746,1.18117904663086
"218","DE",1000,20,2,"2",-36.0111570214017,1.1738269329071
"219","DE",1000,20,2,"3",-24.4822144749906,1.51129388809204
"220","DE",1000,20,2,"4",-34.1444851160856,1.153892993927
"221","DE",1000,20,2,"5",-33.8026708355102,1.34024906158447
"222","DE",1000,20,2,"6",-101.92558271145,1.59307217597961
"223","DE",1000,20,3,"1",-1.12591195329863,1.12415194511414
"224","DE",1000,20,3,"2",-7.63020080243117,1.1142680644989
"225","DE",1000,20,3,"3",6.72313310342068,1.45273494720459
"226","DE",1000,20,3,"4",-0.291227264236827,1.11692690849304
"227","DE",1000,20,3,"5",-3.52665652715385,1.21167302131653
"228","DE",1000,20,3,"6",-61.3346686142057,1.59077787399292
"229","DE",1000,20,4,"1",-1.12591539840149,1.21989703178406
"230","DE",1000,20,4,"2",-7.66231837900836,1.18511700630188
"231","DE",1000,20,4,"3",34.0252045188301,1.5578989982605
"232","DE",1000,20,4,"4",-0.291227319452574,1.17355799674988
"233","DE",1000,20,4,"5",-3.52665662385367,1.28979587554932
"234","DE",1000,20,4,"6",-39.5050301766099,1.56737899780273
"235","DE",1000,50,2,"1",-32.0520207536881,2.49817895889282
"236","DE",1000,50,2,"2",-36.0255164744353,2.52034306526184
"237","DE",1000,50,2,"3",-24.8611412308078,3.18621397018433
"238","DE",1000,50,2,"4",-34.1523698170936,2.66819405555725
"239","DE",1000,50,2,"5",-33.7253688156393,2.90381813049316
"240","DE",1000,50,2,"6",-101.875421549033,3.6400101184845
"241","DE",1000,50,3,"1",-1.12591195329862,2.49728798866272
"242","DE",1000,50,3,"2",-7.63020078368771,2.44618797302246
"243","DE",1000,50,3,"3",7.2193462122634,3.30012392997742
"244","DE",1000,50,3,"4",-0.291227264236808,2.45358490943909
"245","DE",1000,50,3,"5",-3.52665652715376,2.71760296821594
"246","DE",1000,50,3,"6",-61.2384944968285,3.5862820148468
"247","DE",1000,50,4,"1",-1.12591198687212,2.65069890022278
"248","DE",1000,50,4,"2",-7.54667129478132,2.77132701873779
"249","DE",1000,50,4,"3",34.0251985086221,3.17132091522217
"250","DE",1000,50,4,"4",-0.291229497051427,2.61225891113281
"251","DE",1000,50,4,"5",-3.52665668834301,2.878830909729
"252","DE",1000,50,4,"6",-39.5050285254206,3.66616916656494
"253","DE",1000,100,2,"1",-32.0839062031551,4.82576704025269
"254","DE",1000,100,2,"2",-35.9853275249601,4.78225803375244
"255","DE",1000,100,2,"3",-24.5258704634633,6.34865498542786
"256","DE",1000,100,2,"4",-34.115975505017,4.96036791801453
"257","DE",1000,100,2,"5",-33.5896090974435,5.5009229183197
"258","DE",1000,100,2,"6",-91.1079919324763,6.76804113388062
"259","DE",1000,100,3,"1",-1.12591195329858,4.70930886268616
"260","DE",1000,100,3,"2",-7.57854559636433,4.8113489151001
"261","DE",1000,100,3,"3",7.25347587730564,6.07365703582764
"262","DE",1000,100,3,"4",-0.291227264236792,4.78909111022949
"263","DE",1000,100,3,"5",-3.52665652715372,5.22223997116089
"264","DE",1000,100,3,"6",-61.309465478678,7.10949397087097
"265","DE",1000,100,4,"1",-1.12591219436877,5.03510308265686
"266","DE",1000,100,4,"2",-7.51059941604852,5.10201287269592
"267","DE",1000,100,4,"3",34.0252055993089,6.22025799751282
"268","DE",1000,100,4,"4",-0.291248393632957,4.99942302703857
"269","DE",1000,100,4,"5",-3.52665689886395,5.76596212387085
"270","DE",1000,100,4,"6",-39.5050291676865,6.91573095321655
"271","PSO",50,20,2,"1",-32.5806605299888,0.294870138168335
"272","PSO",50,20,2,"2",-36.543305030261,0.302509069442749
"273","PSO",50,20,2,"3",-27.4412470597346,0.346061944961548
"274","PSO",50,20,2,"4",-42.2610441298832,0.300657033920288
"275","PSO",50,20,2,"5",-36.2864577838862,0.314026117324829
"276","PSO",50,20,2,"6",-104.240030049969,0.377768993377686
"277","PSO",50,20,3,"1",-1.13170761662404,0.276440858840942
"278","PSO",50,20,3,"2",-7.65935514543069,0.269160032272339
"279","PSO",50,20,3,"3",4.23680931624805,0.37104606628418
"280","PSO",50,20,3,"4",-9.71140672337603,0.304373025894165
"281","PSO",50,20,3,"5",-10.4571967933537,0.291165113449097
"282","PSO",50,20,3,"6",-76.2173859964498,0.409471988677979
"283","PSO",50,20,4,"1",-1.12942856466632,0.319483041763306
"284","PSO",50,20,4,"2",-7.66562147200263,0.311460018157959
"285","PSO",50,20,4,"3",34.005337590633,0.357368946075439
"286","PSO",50,20,4,"4",-9.27532866314117,0.329739809036255
"287","PSO",50,20,4,"5",-10.1433578120862,0.307361841201782
"288","PSO",50,20,4,"6",-50.5212938497277,0.375745058059692
"289","PSO",50,50,2,"1",-32.453171452577,0.441792011260986
"290","PSO",50,50,2,"2",-36.331706622438,0.418702125549316
"291","PSO",50,50,2,"3",-26.348558823741,0.509107112884521
"292","PSO",50,50,2,"4",-40.5769200042893,0.46862006187439
"293","PSO",50,50,2,"5",-36.3441376867531,0.469161987304688
"294","PSO",50,50,2,"6",-102.658549838588,0.519124031066895
"295","PSO",50,50,3,"1",-1.12717099027034,0.395230054855347
"296","PSO",50,50,3,"2",-7.58180437503583,0.402076959609985
"297","PSO",50,50,3,"3",5.22428823198372,0.552111864089966
"298","PSO",50,50,3,"4",-8.09943307219843,0.450797080993652
"299","PSO",50,50,3,"5",-9.46554436592054,0.400035858154297
"300","PSO",50,50,3,"6",-75.8004955359634,0.757474899291992
"301","PSO",50,50,4,"1",-1.12749130374774,0.467223882675171
"302","PSO",50,50,4,"2",-7.55403189398486,0.497281074523926
"303","PSO",50,50,4,"3",34.0006634356941,0.577431917190552
"304","PSO",50,50,4,"4",-5.37156137152532,0.476507186889648
"305","PSO",50,50,4,"5",-9.69514811520652,0.507681846618652
"306","PSO",50,50,4,"6",-55.007881584984,0.627233028411865
"307","PSO",50,100,2,"1",-32.3510079096664,0.633186101913452
"308","PSO",50,100,2,"2",-36.5373929457251,0.631573915481567
"309","PSO",50,100,2,"3",-25.7059446173388,0.785495042800903
"310","PSO",50,100,2,"4",-40.6191395587187,0.672954082489014
"311","PSO",50,100,2,"5",-36.4371624541279,0.639425039291382
"312","PSO",50,100,2,"6",-102.274783571668,0.862289905548096
"313","PSO",50,100,3,"1",-1.12636547872801,0.593063831329346
"314","PSO",50,100,3,"2",-7.67252968473376,0.583063840866089
"315","PSO",50,100,3,"3",5.74518091849984,0.911958932876587
"316","PSO",50,100,3,"4",-8.30581467870929,0.640577793121338
"317","PSO",50,100,3,"5",-8.04632860566138,0.657596826553345
"318","PSO",50,100,3,"6",-75.5443402848211,0.998922109603882
"319","PSO",50,100,4,"1",-1.12849350213056,0.723656177520752
"320","PSO",50,100,4,"2",-7.63160579673817,0.776685953140259
"321","PSO",50,100,4,"3",33.9835997040391,0.897833824157715
"322","PSO",50,100,4,"4",-6.47807785293838,0.813024044036865
"323","PSO",50,100,4,"5",-8.76863892574296,0.809802770614624
"324","PSO",50,100,4,"6",-50.5014761424634,1.03229904174805
"325","PSO",100,20,2,"1",-32.4808671162846,0.40104603767395
"326","PSO",100,20,2,"2",-36.7993769567717,0.391112089157104
"327","PSO",100,20,2,"3",-26.3183032601255,0.4635009765625
"328","PSO",100,20,2,"4",-40.1521804353731,0.428819894790649
"329","PSO",100,20,2,"5",-36.1899107707123,0.422418832778931
"330","PSO",100,20,2,"6",-102.3695981267,0.467002868652344
"331","PSO",100,20,3,"1",-1.12610028433193,0.335540056228638
"332","PSO",100,20,3,"2",-7.6639655055961,0.352010011672974
"333","PSO",100,20,3,"3",4.47969758293135,0.55602502822876
"334","PSO",100,20,3,"4",-9.65447292090013,0.405890941619873
"335","PSO",100,20,3,"5",-9.21109022165193,0.378051996231079
"336","PSO",100,20,3,"6",-76.2328175158786,0.718768119812012
"337","PSO",100,20,4,"1",-1.12635793520435,0.422730922698975
"338","PSO",100,20,4,"2",-7.52595499476109,0.412216186523438
"339","PSO",100,20,4,"3",34.0218826946981,0.490228891372681
"340","PSO",100,20,4,"4",-6.10743782800064,0.502017021179199
"341","PSO",100,20,4,"5",-8.80745513003638,0.531317949295044
"342","PSO",100,20,4,"6",-50.4981765076229,0.524902820587158
"343","PSO",100,50,2,"1",-32.1901356281071,0.626744031906128
"344","PSO",100,50,2,"2",-36.248748409947,0.683973073959351
"345","PSO",100,50,2,"3",-25.8816062805274,0.730252027511597
"346","PSO",100,50,2,"4",-40.7251413042819,0.714546918869019
"347","PSO",100,50,2,"5",-36.1263671074439,0.671660900115967
"348","PSO",100,50,2,"6",-102.545849732701,0.848618030548096
"349","PSO",100,50,3,"1",-1.12602180055606,0.583080053329468
"350","PSO",100,50,3,"2",-7.57877094648023,0.597725868225098
"351","PSO",100,50,3,"3",6.13183944353643,0.956130027770996
"352","PSO",100,50,3,"4",-10.8732795402893,0.61144208908081
"353","PSO",100,50,3,"5",-3.5941119400372,0.698705911636353
"354","PSO",100,50,3,"6",-75.3238433993778,1.10000801086426
"355","PSO",100,50,4,"1",-1.12608877508051,0.723997116088867
"356","PSO",100,50,4,"2",-7.63097477175203,0.756689071655273
"357","PSO",100,50,4,"3",34.0237173120994,0.864727973937988
"358","PSO",100,50,4,"4",-10.58699705198,0.804119110107422
"359","PSO",100,50,4,"5",-3.57568411029997,0.838985919952393
"360","PSO",100,50,4,"6",-50.4866858838336,0.939033031463623
"361","PSO",100,100,2,"1",-32.5015635506636,1.07650184631348
"362","PSO",100,100,2,"2",-36.0546066452919,1.12330198287964
"363","PSO",100,100,2,"3",-25.5017713210519,1.29098105430603
"364","PSO",100,100,2,"4",-39.3950479249699,1.1539318561554
"365","PSO",100,100,2,"5",-36.2878098309407,1.20926094055176
"366","PSO",100,100,2,"6",-92.5814988337409,1.48728084564209
"367","PSO",100,100,3,"1",-1.12613128997169,0.945310115814209
"368","PSO",100,100,3,"2",-7.66236562445627,1.00185680389404
"369","PSO",100,100,3,"3",6.53933350504007,1.62862706184387
"370","PSO",100,100,3,"4",-8.49214517092245,1.03666996955872
"371","PSO",100,100,3,"5",-3.55164590473447,1.13753008842468
"372","PSO",100,100,3,"6",-75.1800233811125,1.75173401832581
"373","PSO",100,100,4,"1",-1.12601039524371,1.27035212516785
"374","PSO",100,100,4,"2",-7.63034254639385,1.27122092247009
"375","PSO",100,100,4,"3",34.0241064350206,1.52729296684265
"376","PSO",100,100,4,"4",-5.46696403918844,1.32666802406311
"377","PSO",100,100,4,"5",-3.54159921661108,1.59547400474548
"378","PSO",100,100,4,"6",-50.4873878145269,1.76664686203003
"379","PSO",200,20,2,"1",-32.2788588009551,0.612122058868408
"380","PSO",200,20,2,"2",-36.2521329969326,0.619204998016357
"381","PSO",200,20,2,"3",-26.3835248200818,0.751851081848145
"382","PSO",200,20,2,"4",-38.8769065343613,0.801111936569214
"383","PSO",200,20,2,"5",-36.0652422331186,0.649182081222534
"384","PSO",200,20,2,"6",-102.196959411309,0.78113603591919
"385","PSO",200,20,3,"1",-1.12617844989152,0.519552946090698
"386","PSO",200,20,3,"2",-7.63048363996681,0.513218879699707
"387","PSO",200,20,3,"3",5.0703305039648,0.974970102310181
"388","PSO",200,20,3,"4",-10.1821244843296,0.561856031417847
"389","PSO",200,20,3,"5",-3.54010255182066,0.581377983093262
"390","PSO",200,20,3,"6",-75.3410415975246,0.948676824569702
"391","PSO",200,20,4,"1",-1.12603207855399,0.629693031311035
"392","PSO",200,20,4,"2",-7.66281363468791,0.641211986541748
"393","PSO",200,20,4,"3",34.0231045974958,0.763401031494141
"394","PSO",200,20,4,"4",-9.95758850934533,0.774657964706421
"395","PSO",200,20,4,"5",-3.53010187780862,0.743735074996948
"396","PSO",200,20,4,"6",-50.4868788469842,0.789409160614014
"397","PSO",200,50,2,"1",-32.0887678976617,1.14508891105652
"398","PSO",200,50,2,"2",-36.5333780019424,1.14005994796753
"399","PSO",200,50,2,"3",-25.1371670509363,1.34394383430481
"400","PSO",200,50,2,"4",-38.0857213648733,1.25946879386902
"401","PSO",200,50,2,"5",-35.9935473362317,1.21963596343994
"402","PSO",200,50,2,"6",-102.049535922901,1.53824996948242
"403","PSO",200,50,3,"1",-1.12592026439165,0.946104049682617
"404","PSO",200,50,3,"2",-7.63020568435141,0.9805748462677
"405","PSO",200,50,3,"3",3.7673602838003,1.73164200782776
"406","PSO",200,50,3,"4",-7.96289376499096,1.07481384277344
"407","PSO",200,50,3,"5",-3.52823225956508,1.13002610206604
"408","PSO",200,50,3,"6",-75.0686189815667,1.74047994613647
"409","PSO",200,50,4,"1",-1.12593790488554,1.27303695678711
"410","PSO",200,50,4,"2",-7.63022120712548,1.26101589202881
"411","PSO",200,50,4,"3",34.021317503617,1.52402782440186
"412","PSO",200,50,4,"4",-6.62390310581399,1.33279085159302
"413","PSO",200,50,4,"5",-3.52916462084281,1.38850402832031
"414","PSO",200,50,4,"6",-50.486317537741,1.75638103485107
"415","PSO",200,100,2,"1",-32.2416739756661,2.06403303146362
"416","PSO",200,100,2,"2",-35.9476386568942,1.92603397369385
"417","PSO",200,100,2,"3",-26.1487672320247,2.37461280822754
"418","PSO",200,100,2,"4",-37.9450718327408,1.88156390190125
"419","PSO",200,100,2,"5",-35.7878721403893,2.09061002731323
"420","PSO",200,100,2,"6",-102.156948666004,2.90943312644958
"421","PSO",200,100,3,"1",-1.1259174765353,1.82503700256348
"422","PSO",200,100,3,"2",-7.66232920410815,1.66812491416931
"423","PSO",200,100,3,"3",6.62139147960207,3.22179698944092
"424","PSO",200,100,3,"4",-6.4535556301477,1.73675107955933
"425","PSO",200,100,3,"5",-3.52747486052075,1.96633791923523
"426","PSO",200,100,3,"6",-75.0106720549018,3.72529721260071
"427","PSO",200,100,4,"1",-1.12591256221528,2.28338217735291
"428","PSO",200,100,4,"2",-7.63021875377263,2.52953696250916
"429","PSO",200,100,4,"3",34.0251232490424,2.7342689037323
"430","PSO",200,100,4,"4",-6.23216439711571,2.37748312950134
"431","PSO",200,100,4,"5",-3.526874284914,2.6583149433136
"432","PSO",200,100,4,"6",-50.4862978352518,3.05096507072449
"433","PSO",500,20,2,"1",-32.4981434332171,1.20283794403076
"434","PSO",500,20,2,"2",-36.2697805220101,1.17901086807251
"435","PSO",500,20,2,"3",-25.6813832251316,1.44783711433411
"436","PSO",500,20,2,"4",-38.8053900724757,1.36486601829529
"437","PSO",500,20,2,"5",-35.9513603165985,1.29559898376465
"438","PSO",500,20,2,"6",-102.518529163359,1.57632184028625
"439","PSO",500,20,3,"1",-1.12600374665843,0.92644190788269
"440","PSO",500,20,3,"2",-7.578609548976,0.942589044570923
"441","PSO",500,20,3,"3",6.44166443981873,2.04387187957764
"442","PSO",500,20,3,"4",-10.1077993279502,0.988237142562866
"443","PSO",500,20,3,"5",-3.527486084301,1.04984593391418
"444","PSO",500,20,3,"6",-75.3835713561003,1.96747708320618
"445","PSO",500,20,4,"1",-1.12592511145283,1.25547003746033
"446","PSO",500,20,4,"2",-7.57809302903919,1.22718811035156
"447","PSO",500,20,4,"3",34.0250717321782,1.46869897842407
"448","PSO",500,20,4,"4",-7.95848578930629,1.59469294548035
"449","PSO",500,20,4,"5",-3.5267519869615,1.49176096916199
"450","PSO",500,20,4,"6",-50.4863655983623,1.65148997306824
"451","PSO",500,50,2,"1",-32.1679365808491,2.52926301956177
"452","PSO",500,50,2,"2",-36.2532817796127,2.6828989982605
"453","PSO",500,50,2,"3",-25.3736372461304,3.26612114906311
"454","PSO",500,50,2,"4",-37.5356915752459,2.81742215156555
"455","PSO",500,50,2,"5",-36.0264621369986,2.91535997390747
"456","PSO",500,50,2,"6",-101.906528874752,3.24473094940186
"457","PSO",500,50,3,"1",-1.12591416137593,2.06530404090881
"458","PSO",500,50,3,"2",-7.66231939106756,2.04475712776184
"459","PSO",500,50,3,"3",4.8879067487263,4.11369800567627
"460","PSO",500,50,3,"4",-6.28706180509959,2.0855929851532
"461","PSO",500,50,3,"5",-3.52668962304522,2.44457316398621
"462","PSO",500,50,3,"6",-74.988349031832,4.43896412849426
"463","PSO",500,50,4,"1",-1.1259180172475,2.79540586471558
"464","PSO",500,50,4,"2",-7.63020199908781,2.81117105484009
"465","PSO",500,50,4,"3",34.0251726276041,3.27454400062561
"466","PSO",500,50,4,"4",-9.45174659306483,3.03602194786072
"467","PSO",500,50,4,"5",-3.52665785420131,3.14499402046204
"468","PSO",500,50,4,"6",-50.4862683920382,3.63600397109985
"469","PSO",500,100,2,"1",-32.2503715102413,5.24101805686951
"470","PSO",500,100,2,"2",-36.1885146634113,5.11212706565857
"471","PSO",500,100,2,"3",-25.2248694745978,6.28032302856445
"472","PSO",500,100,2,"4",-37.3891119050325,5.10783886909485
"473","PSO",500,100,2,"5",-35.8272006033611,5.37857794761658
"474","PSO",500,100,2,"6",-101.7017295858,6.42866396903992
"475","PSO",500,100,3,"1",-1.12591216728678,4.13736200332642
"476","PSO",500,100,3,"2",-7.57854640390139,3.9524028301239
"477","PSO",500,100,3,"3",6.41381067292233,8.6232738494873
"478","PSO",500,100,3,"4",-5.92454730512346,4.22715616226196
"479","PSO",500,100,3,"5",-3.52665725533993,4.49489402770996
"480","PSO",500,100,3,"6",-75.0246786683837,8.80681896209717
"481","PSO",500,100,4,"1",-1.12591291747904,5.58487391471863
"482","PSO",500,100,4,"2",-7.6302010915152,5.48992109298706
"483","PSO",500,100,4,"3",34.0252053701273,6.58828377723694
"484","PSO",500,100,4,"4",-6.80833622055295,5.53063893318176
"485","PSO",500,100,4,"5",-3.52666604477525,6.25523614883423
"486","PSO",500,100,4,"6",-50.4862664428769,7.19153809547424
"487","PSO",1000,20,2,"1",-32.1890148612341,2.00673007965088
"488","PSO",1000,20,2,"2",-36.2025801745986,2.06275391578674
"489","PSO",1000,20,2,"3",-25.2306241552768,2.5255138874054
"490","PSO",1000,20,2,"4",-42.2811482224402,2.33629012107849
"491","PSO",1000,20,2,"5",-36.0186970408206,2.24046397209167
"492","PSO",1000,20,2,"6",-102.065349141567,3.2521288394928
"493","PSO",1000,20,3,"1",-1.12591370939317,1.66979098320007
"494","PSO",1000,20,3,"2",-7.66234386989507,1.7020959854126
"495","PSO",1000,20,3,"3",5.59249973554483,3.99059796333313
"496","PSO",1000,20,3,"4",-9.33708096820624,1.7848629951477
"497","PSO",1000,20,3,"5",-3.52668737331787,1.87886691093445
"498","PSO",1000,20,3,"6",-75.2006624237968,3.53035688400269
"499","PSO",1000,20,4,"1",-1.12591603127857,2.33361411094666
"500","PSO",1000,20,4,"2",-7.6623266909604,2.3303530216217
"501","PSO",1000,20,4,"3",34.0251782442243,2.66065382957458
"502","PSO",1000,20,4,"4",-8.54793740199802,2.45758295059204
"503","PSO",1000,20,4,"5",-3.52666653943469,2.57881903648376
"504","PSO",1000,20,4,"6",-50.4862810013284,3.05382394790649
"505","PSO",1000,50,2,"1",-32.2189342054896,5.06201696395874
"506","PSO",1000,50,2,"2",-35.950995613021,5.17509388923645
"507","PSO",1000,50,2,"3",-25.4021051314738,6.69502305984497
"508","PSO",1000,50,2,"4",-37.5322701275843,4.94492197036743
"509","PSO",1000,50,2,"5",-35.7664287367566,5.58976292610168
"510","PSO",1000,50,2,"6",-101.816104831501,7.12807679176331
"511","PSO",1000,50,3,"1",-1.12591695114092,4.07508301734924
"512","PSO",1000,50,3,"2",-7.63020803382497,3.94038200378418
"513","PSO",1000,50,3,"3",6.3217128352562,1.13639908234278
"514","PSO",1000,50,3,"4",-7.32182527673956,3.75155154863993
"515","PSO",1000,50,3,"5",-3.5266583467965,3.79334306716919
"516","PSO",1000,50,3,"6",-74.9882833423352,8.196209192276
"517","PSO",1000,50,4,"1",-1.12591380163417,16.9429962992668
"518","PSO",1000,50,4,"2",-7.63020132604448,8.48644253412882
"519","PSO",1000,50,4,"3",34.0251966113037,5.5093240737915
"520","PSO",1000,50,4,"4",-5.69002821260852,6.50290393829346
"521","PSO",1000,50,4,"5",-3.52665926129445,5.85077500343323
"522","PSO",1000,50,4,"6",-50.4862707595302,6.4524290561676
"523","PSO",1000,100,2,"1",-32.2054584691931,7.99798583984375
"524","PSO",1000,100,2,"2",-36.0986997305964,9.09063816070557
"525","PSO",1000,100,2,"3",-25.5279888042951,11.9565808773041
"526","PSO",1000,100,2,"4",-38.5596156711545,9.56881499290466
"527","PSO",1000,100,2,"5",-35.7970989289994,9.69191098213196
"528","PSO",1000,100,2,"6",-91.4688915321372,13.3841378688812
"529","PSO",1000,100,3,"1",-1.12591207179174,6.85967993736267
"530","PSO",1000,100,3,"2",-7.57854629632727,6.9875180721283
"531","PSO",1000,100,3,"3",6.96134814669788,14.2255549430847
"532","PSO",1000,100,3,"4",-6.17700287717323,7.18135380744934
"533","PSO",1000,100,3,"5",-3.52666165191183,7.96185493469238
"534","PSO",1000,100,3,"6",-75.203287404002,17.8532049655914
"535","PSO",1000,100,4,"1",-1.12591238450536,9.94912815093994
"536","PSO",1000,100,4,"2",-7.51059486444757,31.8740148544312
"537","PSO",1000,100,4,"3",34.0252057195195,11.8167569637299
"538","PSO",1000,100,4,"4",-7.7519073469997,11.0006740093231
"539","PSO",1000,100,4,"5",-3.52665698159197,12.3556809425354
"540","PSO",1000,100,4,"6",-50.4862657852564,13.1709468364716
"541","GWO",50,20,2,"1",-33.1137803403857,0.258843898773193
"542","GWO",50,20,2,"2",-37.2282613164036,0.276576995849609
"543","GWO",50,20,2,"3",-30.1523092465693,0.303542852401733
"544","GWO",50,20,2,"4",-36.7542186161083,0.272150039672852
"545","GWO",50,20,2,"5",-34.3866711322933,0.27106499671936
"546","GWO",50,20,2,"6",-105.292757059338,0.293668031692505
"547","GWO",50,20,3,"1",-1.1384371105972,0.239118099212646
"548","GWO",50,20,3,"2",-7.7967005203253,0.25118088722229
"549","GWO",50,20,3,"3",6.16107906790568,0.310297966003418
"550","GWO",50,20,3,"4",-0.304469520392674,0.235972881317139
"551","GWO",50,20,3,"5",-3.55397890272987,0.263792991638184
"552","GWO",50,20,3,"6",-70.4366778102922,0.328665971755981
"553","GWO",50,20,4,"1",-1.17928923469459,0.266233921051025
"554","GWO",50,20,4,"2",-7.73334232011626,0.253071069717407
"555","GWO",50,20,4,"3",33.9725246430893,0.282997131347656
"556","GWO",50,20,4,"4",-0.315200409929048,0.272473096847534
"557","GWO",50,20,4,"5",-3.5751727891506,0.280423879623413
"558","GWO",50,20,4,"6",-44.6411424177269,0.296949148178101
"559","GWO",50,50,2,"1",-32.5044432719698,0.33050799369812
"560","GWO",50,50,2,"2",-36.6468426943355,0.334610223770142
"561","GWO",50,50,2,"3",-26.4675215776323,0.378188848495483
"562","GWO",50,50,2,"4",-34.4769978029982,0.325798034667969
"563","GWO",50,50,2,"5",-34.008392424377,0.34171199798584
"564","GWO",50,50,2,"6",-102.93427499731,0.383875846862793
"565","GWO",50,50,3,"1",-1.13835634307998,0.326206207275391
"566","GWO",50,50,3,"2",-7.61512461832121,0.325528144836426
"567","GWO",50,50,3,"3",6.35948978904307,0.423902034759521
"568","GWO",50,50,3,"4",-0.299736502368074,0.325111865997314
"569","GWO",50,50,3,"5",-3.53813826516912,0.340640068054199
"570","GWO",50,50,3,"6",-71.2211007575355,0.440279006958008
"571","GWO",50,50,4,"1",-1.1302710671676,0.363840103149414
"572","GWO",50,50,4,"2",-7.66212005174526,0.369550943374634
"573","GWO",50,50,4,"3",34.0170489657183,0.388964891433716
"574","GWO",50,50,4,"4",-0.304383526485824,0.385619878768921
"575","GWO",50,50,4,"5",-3.53317691829045,0.387304067611694
"576","GWO",50,50,4,"6",-40.2008684144011,0.42113995552063
"577","GWO",50,100,2,"1",-32.565975975699,0.457617998123169
"578","GWO",50,100,2,"2",-36.4977343530785,0.476724147796631
"579","GWO",50,100,2,"3",-27.0465425397122,0.518074989318848
"580","GWO",50,100,2,"4",-34.331194014884,0.457576990127563
"581","GWO",50,100,2,"5",-34.151781684598,0.496896982192993
"582","GWO",50,100,2,"6",-102.784106577812,0.525118112564087
"583","GWO",50,100,3,"1",-1.13479122729172,0.469244003295898
"584","GWO",50,100,3,"2",-7.60660518130159,0.492500066757202
"585","GWO",50,100,3,"3",6.90513874903757,0.578670024871826
"586","GWO",50,100,3,"4",-0.292699642070163,0.48635983467102
"587","GWO",50,100,3,"5",-3.52995976393594,0.486633777618408
"588","GWO",50,100,3,"6",-62.4642765727841,0.636112213134766
"589","GWO",50,100,4,"1",-1.1326962371531,0.544448852539062
"590","GWO",50,100,4,"2",-7.59551420068465,0.564219951629639
"591","GWO",50,100,4,"3",34.0101687770866,0.722974061965942
"592","GWO",50,100,4,"4",-0.29245991270299,0.541806936264038
"593","GWO",50,100,4,"5",-3.5288063221898,0.57306718826294
"594","GWO",50,100,4,"6",-40.175049086307,0.631676197052002
"595","GWO",100,20,2,"1",-32.6718580839485,0.312522888183594
"596","GWO",100,20,2,"2",-36.7591964946909,0.323605060577393
"597","GWO",100,20,2,"3",-26.869285500352,0.365247011184692
"598","GWO",100,20,2,"4",-34.4918167045266,0.325360059738159
"599","GWO",100,20,2,"5",-34.1842963256974,0.323754072189331
"600","GWO",100,20,2,"6",-103.531814222277,0.35099983215332
"601","GWO",100,20,3,"1",-1.12929152818773,0.31066107749939
"602","GWO",100,20,3,"2",-7.65593848444915,0.313259840011597
"603","GWO",100,20,3,"3",6.2819550859561,0.392364978790283
"604","GWO",100,20,3,"4",-0.292862860784028,0.303761959075928
"605","GWO",100,20,3,"5",-3.5286921529797,0.303290843963623
"606","GWO",100,20,3,"6",-94.5335825610906,0.411680221557617
"607","GWO",100,20,4,"1",-1.15204581508984,0.340110063552856
"608","GWO",100,20,4,"2",-7.55716834911722,0.34433102607727
"609","GWO",100,20,4,"3",34.0075284806249,0.36183500289917
"610","GWO",100,20,4,"4",-0.295197857766919,0.340041160583496
"611","GWO",100,20,4,"5",-3.52942193924906,0.346996784210205
"612","GWO",100,20,4,"6",-41.3206520676985,0.398022890090942
"613","GWO",100,50,2,"1",-32.5065127070499,0.458773136138916
"614","GWO",100,50,2,"2",-36.5129683554313,0.462974071502686
"615","GWO",100,50,2,"3",-25.632850634259,0.538094997406006
"616","GWO",100,50,2,"4",-34.2611866192848,0.460376977920532
"617","GWO",100,50,2,"5",-33.9661765124994,0.489044189453125
"618","GWO",100,50,2,"6",-92.941711992261,0.543379068374634
"619","GWO",100,50,3,"1",-1.13153343145772,0.474640130996704
"620","GWO",100,50,3,"2",-7.59658141606116,0.473840951919556
"621","GWO",100,50,3,"3",6.15075820560092,0.595403909683228
"622","GWO",100,50,3,"4",-0.292491099631782,0.479676961898804
"623","GWO",100,50,3,"5",-3.53096417862984,0.490213871002197
"624","GWO",100,50,3,"6",-74.2490100018897,0.607972860336304
"625","GWO",100,50,4,"1",-1.13827260412468,0.568632125854492
"626","GWO",100,50,4,"2",-7.61218634352069,0.574582815170288
"627","GWO",100,50,4,"3",34.0101478338718,0.595982074737549
"628","GWO",100,50,4,"4",-0.299668324939608,0.570821046829224
"629","GWO",100,50,4,"5",-3.53197859056771,0.544485092163086
"630","GWO",100,50,4,"6",-40.5683119807347,0.659256935119629
"631","GWO",100,100,2,"1",-32.3047309920384,0.702730894088745
"632","GWO",100,100,2,"2",-36.3864959878543,0.703557968139648
"633","GWO",100,100,2,"3",-26.3481178834409,0.780656814575195
"634","GWO",100,100,2,"4",-34.2175707032298,0.826946973800659
"635","GWO",100,100,2,"5",-33.8423202004616,0.722958087921143
"636","GWO",100,100,2,"6",-102.549867385406,0.797407150268555
"637","GWO",100,100,3,"1",-1.12902789338885,0.76946496963501
"638","GWO",100,100,3,"2",-7.58972724576641,0.75476598739624
"639","GWO",100,100,3,"3",6.46699896783585,0.943260908126831
"640","GWO",100,100,3,"4",-0.29207550981789,0.777363061904907
"641","GWO",100,100,3,"5",-3.52737583898578,0.776351928710938
"642","GWO",100,100,3,"6",-64.8727347188127,1.02099919319153
"643","GWO",100,100,4,"1",-1.12799331197786,0.930334091186523
"644","GWO",100,100,4,"2",-7.64535731652935,0.937777042388916
"645","GWO",100,100,4,"3",34.0220843694122,0.958341836929321
"646","GWO",100,100,4,"4",-0.292005093478004,0.911485910415649
"647","GWO",100,100,4,"5",-3.53844489301163,0.970407009124756
"648","GWO",100,100,4,"6",-39.740442903338,1.0544810295105
"649","GWO",200,20,2,"1",-32.5167509660977,0.432978868484497
"650","GWO",200,20,2,"2",-36.2868301461253,0.427876949310303
"651","GWO",200,20,2,"3",-26.7475233040538,0.475506067276001
"652","GWO",200,20,2,"4",-34.4951087917444,0.434809923171997
"653","GWO",200,20,2,"5",-34.023225979858,0.432538032531738
"654","GWO",200,20,2,"6",-102.897020804319,0.598000049591064
"655","GWO",200,20,3,"1",-1.15360439756569,0.433158874511719
"656","GWO",200,20,3,"2",-7.63962165122445,0.433225870132446
"657","GWO",200,20,3,"3",6.39285045469965,0.517333984375
"658","GWO",200,20,3,"4",-0.294776295253566,0.437165021896362
"659","GWO",200,20,3,"5",-3.53056234347846,0.447149038314819
"660","GWO",200,20,3,"6",-68.0414718525975,0.571818113327026
"661","GWO",200,20,4,"1",-1.13685484480735,0.494410991668701
"662","GWO",200,20,4,"2",-7.63395785350494,0.49254298210144
"663","GWO",200,20,4,"3",33.9958401857771,0.528566837310791
"664","GWO",200,20,4,"4",-0.305285189206396,0.498133897781372
"665","GWO",200,20,4,"5",-3.52854062811087,0.503345966339111
"666","GWO",200,20,4,"6",-39.6098016483026,0.563236951828003
"667","GWO",200,50,2,"1",-32.5142597105348,0.72533392906189
"668","GWO",200,50,2,"2",-36.3041340759738,0.7223219871521
"669","GWO",200,50,2,"3",-25.4255361326975,0.81591796875
"670","GWO",200,50,2,"4",-34.5205260636816,0.717170000076294
"671","GWO",200,50,2,"5",-33.7184452174981,0.713588953018188
"672","GWO",200,50,2,"6",-101.878840770756,0.801977872848511
"673","GWO",200,50,3,"1",-1.12866492865236,0.762040853500366
"674","GWO",200,50,3,"2",-7.63386275472759,0.797916889190674
"675","GWO",200,50,3,"3",6.30906367231043,0.973556995391846
"676","GWO",200,50,3,"4",-0.293981077926833,0.765576839447021
"677","GWO",200,50,3,"5",-3.52703698047518,0.78619384765625
"678","GWO",200,50,3,"6",-62.417746300647,0.99702000617981
"679","GWO",200,50,4,"1",-1.13063330405958,1.08129715919495
"680","GWO",200,50,4,"2",-7.60174421783536,0.944913148880005
"681","GWO",200,50,4,"3",34.0133265608696,0.965068101882935
"682","GWO",200,50,4,"4",-0.291769995232078,0.961560010910034
"683","GWO",200,50,4,"5",-3.53467250583846,0.965213060379028
"684","GWO",200,50,4,"6",-41.2133439334492,1.086021900177
"685","GWO",200,100,2,"1",-32.3958336553715,1.2107081413269
"686","GWO",200,100,2,"2",-36.4132438728141,1.25415706634521
"687","GWO",200,100,2,"3",-25.6177265394957,1.380695104599
"688","GWO",200,100,2,"4",-34.3537714265978,3.97176820039749
"689","GWO",200,100,2,"5",-33.8070040282815,1.15458917617798
"690","GWO",200,100,2,"6",-92.6859226438524,1.39575099945068
"691","GWO",200,100,3,"1",-1.12623152329884,1.39922904968262
"692","GWO",200,100,3,"2",-7.63050131054668,1.26019716262817
"693","GWO",200,100,3,"3",6.7864641466755,1.49375700950623
"694","GWO",200,100,3,"4",-0.291537787987123,1.27082800865173
"695","GWO",200,100,3,"5",-3.52816152643795,1.2927930355072
"696","GWO",200,100,3,"6",-62.7544754885399,1.65580701828003
"697","GWO",200,100,4,"1",-1.13027744022089,1.59975099563599
"698","GWO",200,100,4,"2",-7.63319469740432,1.57355189323425
"699","GWO",200,100,4,"3",34.015334932437,1.76287603378296
"700","GWO",200,100,4,"4",-0.29250328063126,1.57372903823853
"701","GWO",200,100,4,"5",-3.52864175942517,1.58392691612244
"702","GWO",200,100,4,"6",-39.5169507407502,1.79338693618774
"703","GWO",500,20,2,"1",-32.3943342604049,0.674891948699951
"704","GWO",500,20,2,"2",-36.3630448721053,0.67899489402771
"705","GWO",500,20,2,"3",-25.7499048463872,0.765239000320435
"706","GWO",500,20,2,"4",-34.4199743730333,0.678304195404053
"707","GWO",500,20,2,"5",-33.9364570302664,0.695414066314697
"708","GWO",500,20,2,"6",-99.1987450420272,0.786134004592896
"709","GWO",500,20,3,"1",-1.12657384946511,0.728030920028687
"710","GWO",500,20,3,"2",-7.58850887288623,0.734221935272217
"711","GWO",500,20,3,"3",6.75504743752173,0.892147064208984
"712","GWO",500,20,3,"4",-0.293230560359264,0.858458042144775
"713","GWO",500,20,3,"5",-3.52761248704202,0.744795083999634
"714","GWO",500,20,3,"6",-63.2444801850664,0.983642101287842
"715","GWO",500,20,4,"1",-1.12778975343646,0.885400056838989
"716","GWO",500,20,4,"2",-7.59751278795345,0.889352083206177
"717","GWO",500,20,4,"3",34.0136804483468,0.926115036010742
"718","GWO",500,20,4,"4",-0.295468320501774,0.876878976821899
"719","GWO",500,20,4,"5",-3.52866343280415,0.896564960479736
"720","GWO",500,20,4,"6",-39.6741327727593,0.997501850128174
"721","GWO",500,50,2,"1",-32.3102434405151,1.36433410644531
"722","GWO",500,50,2,"2",-36.3509942565425,1.34709787368774
"723","GWO",500,50,2,"3",-25.821462265874,1.45669102668762
"724","GWO",500,50,2,"4",-34.1446806933511,1.47378301620483
"725","GWO",500,50,2,"5",-33.7981260483334,1.38023400306702
"726","GWO",500,50,2,"6",-94.2659289593907,1.61777901649475
"727","GWO",500,50,3,"1",-1.12806181568455,1.54606986045837
"728","GWO",500,50,3,"2",-7.58466697471888,1.5476667881012
"729","GWO",500,50,3,"3",6.87508742991682,1.84266805648804
"730","GWO",500,50,3,"4",-0.291520975778578,1.53892707824707
"731","GWO",500,50,3,"5",-3.5268165715855,1.69293594360352
"732","GWO",500,50,3,"6",-61.9908621311614,1.94489908218384
"733","GWO",500,50,4,"1",-1.12611100907699,1.92165994644165
"734","GWO",500,50,4,"2",-7.63089448907532,1.93387699127197
"735","GWO",500,50,4,"3",34.0234487128496,2.00897002220154
"736","GWO",500,50,4,"4",-0.291756292284171,1.91801691055298
"737","GWO",500,50,4,"5",-3.52694742601903,2.12681818008423
"738","GWO",500,50,4,"6",-40.2402510667292,2.20748090744019
"739","GWO",500,100,2,"1",-32.3630796825578,2.47638607025146
"740","GWO",500,100,2,"2",-36.3020195537363,2.4864010810852
"741","GWO",500,100,2,"3",-25.2681385062506,2.78589105606079
"742","GWO",500,100,2,"4",-34.1989540582877,2.61809802055359
"743","GWO",500,100,2,"5",-33.771655668471,2.49366307258606
"744","GWO",500,100,2,"6",-91.8693890532317,2.98469686508179
"745","GWO",500,100,3,"1",-1.12607372632727,2.90996408462524
"746","GWO",500,100,3,"2",-7.57917158080875,3.03975796699524
"747","GWO",500,100,3,"3",6.60924227351929,3.35562705993652
"748","GWO",500,100,3,"4",-0.291423189680286,2.89485001564026
"749","GWO",500,100,3,"5",-3.52678573653432,3.06418085098267
"750","GWO",500,100,3,"6",-62.3798822279235,3.8839762210846
"751","GWO",500,100,4,"1",-1.12752984018976,3.66542601585388
"752","GWO",500,100,4,"2",-7.63088723715437,4.38308501243591
"753","GWO",500,100,4,"3",34.0235149088991,4.25926399230957
"754","GWO",500,100,4,"4",-0.291422475437503,3.86931300163269
"755","GWO",500,100,4,"5",-3.5270993005991,3.80246615409851
"756","GWO",500,100,4,"6",-39.7891924788825,4.28183603286743
"757","GWO",1000,20,2,"1",-32.5423541222411,1.1700291633606
"758","GWO",1000,20,2,"2",-36.4670204486764,1.32540702819824
"759","GWO",1000,20,2,"3",-25.2788348174239,1.35295701026917
"760","GWO",1000,20,2,"4",-34.2124140316377,1.17756915092468
"761","GWO",1000,20,2,"5",-33.763849411321,1.17223691940308
"762","GWO",1000,20,2,"6",-92.672714492106,1.46798205375671
"763","GWO",1000,20,3,"1",-1.12662192011905,1.34278798103333
"764","GWO",1000,20,3,"2",-7.63223563412457,1.31553292274475
"765","GWO",1000,20,3,"3",6.8798922322934,1.57006001472473
"766","GWO",1000,20,3,"4",-0.291344306023724,1.3317711353302
"767","GWO",1000,20,3,"5",-3.5270515988983,1.33326101303101
"768","GWO",1000,20,3,"6",-62.3892504448001,1.864098072052
"769","GWO",1000,20,4,"1",-1.12632880361664,1.64110517501831
"770","GWO",1000,20,4,"2",-7.58436248855518,1.64817309379578
"771","GWO",1000,20,4,"3",34.0194904100886,1.71448397636414
"772","GWO",1000,20,4,"4",-0.292177965656023,1.62120389938354
"773","GWO",1000,20,4,"5",-3.52797956059276,1.6535108089447
"774","GWO",1000,20,4,"6",-39.7301479210371,2.02786302566528
"775","GWO",1000,50,2,"1",-32.1171704173117,2.55793190002441
"776","GWO",1000,50,2,"2",-36.4447575951805,2.65848302841187
"777","GWO",1000,50,2,"3",-25.3296790039762,2.94023585319519
"778","GWO",1000,50,2,"4",-34.2663738345745,2.5962769985199
"779","GWO",1000,50,2,"5",-33.7500956507786,2.79555702209473
"780","GWO",1000,50,2,"6",-92.6850216586499,3.08016681671143
"781","GWO",1000,50,3,"1",-1.12614423323448,3.02205204963684
"782","GWO",1000,50,3,"2",-7.63066978217637,3.06013321876526
"783","GWO",1000,50,3,"3",6.50288310222869,3.68127703666687
"784","GWO",1000,50,3,"4",-0.291399360486558,3.03066205978394
"785","GWO",1000,50,3,"5",-3.52703700384463,3.07999086380005
"786","GWO",1000,50,3,"6",-61.7970586889594,4.01728200912476
"787","GWO",1000,50,4,"1",-1.12653187632284,3.88086605072021
"788","GWO",1000,50,4,"2",-7.57955317845071,3.86710214614868
"789","GWO",1000,50,4,"3",34.021216801209,4.09204196929932
"790","GWO",1000,50,4,"4",-0.294426931536625,3.9870069026947
"791","GWO",1000,50,4,"5",-3.52715374242509,4.00143003463745
"792","GWO",1000,50,4,"6",-39.627104843898,4.43203687667847
"793","GWO",1000,100,2,"1",-32.2678022589783,5.12958216667175
"794","GWO",1000,100,2,"2",-36.0698540404273,5.09900307655334
"795","GWO",1000,100,2,"3",-25.2155772482317,5.65779209136963
"796","GWO",1000,100,2,"4",-33.9272809856746,5.08550095558167
"797","GWO",1000,100,2,"5",-33.7246799430069,5.11495399475098
"798","GWO",1000,100,2,"6",-92.2631638176055,6.30583596229553
"799","GWO",1000,100,3,"1",-1.12610914113142,5.98393416404724
"800","GWO",1000,100,3,"2",-7.63033636360409,6.09476184844971
"801","GWO",1000,100,3,"3",6.96386500163578,6.9864821434021
"802","GWO",1000,100,3,"4",-0.291524118537898,6.85254428386688
"803","GWO",1000,100,3,"5",-3.5267931675598,5.77270412445068
"804","GWO",1000,100,3,"6",-61.9700716062069,7.12549614906311
"805","GWO",1000,100,4,"1",-1.1277546562039,7.24922013282776
"806","GWO",1000,100,4,"2",-7.63109026970675,7.26326513290405
"807","GWO",1000,100,4,"3",34.0235410105151,7.46925616264343
"808","GWO",1000,100,4,"4",-0.293655633176247,7.18644714355469
"809","GWO",1000,100,4,"5",-3.5268693112726,7.31129097938538
"810","GWO",1000,100,4,"6",-39.520366338447,8.0117359161377
"811","HS",50,20,2,"1",-32.3602678429326,0.241661787033081
"812","HS",50,20,2,"2",-36.5846786311086,0.243525981903076
"813","HS",50,20,2,"3",-27.2193026421679,0.270354986190796
"814","HS",50,20,2,"4",-41.7660758610744,0.259528875350952
"815","HS",50,20,2,"5",-36.329786013343,0.245019912719727
"816","HS",50,20,2,"6",-115.161125568402,0.287137031555176
"817","HS",50,20,3,"1",-1.28726557866354,0.217577934265137
"818","HS",50,20,3,"2",-7.79121029078339,0.223278999328613
"819","HS",50,20,3,"3",6.56377003123059,0.277672052383423
"820","HS",50,20,3,"4",-8.45469014350125,0.260620832443237
"821","HS",50,20,3,"5",-8.92826375849971,0.224565982818604
"822","HS",50,20,3,"6",-70.7010656722964,0.29109001159668
"823","HS",50,20,4,"1",-1.39179006508022,0.227196931838989
"824","HS",50,20,4,"2",-7.78119150598218,0.233874082565308
"825","HS",50,20,4,"3",33.8251540161754,0.248992919921875
"826","HS",50,20,4,"4",-8.5269479803082,0.270301818847656
"827","HS",50,20,4,"5",-8.24967688978505,0.236404180526733
"828","HS",50,20,4,"6",-42.8787190776948,0.271363019943237
"829","HS",50,50,2,"1",-32.3299201133298,0.296978950500488
"830","HS",50,50,2,"2",-36.2453161233349,0.314751148223877
"831","HS",50,50,2,"3",-25.8453633513996,0.318394184112549
"832","HS",50,50,2,"4",-39.1775496411104,0.312682867050171
"833","HS",50,50,2,"5",-36.1845123762291,0.312580823898315
"834","HS",50,50,2,"6",-103.458817083829,0.346994876861572
"835","HS",50,50,3,"1",-1.15282185798492,0.27180290222168
"836","HS",50,50,3,"2",-7.59234206723056,0.290190935134888
"837","HS",50,50,3,"3",6.23099121371258,0.339154005050659
"838","HS",50,50,3,"4",-5.12009921699554,0.272361993789673
"839","HS",50,50,3,"5",-7.83582468468482,0.285583019256592
"840","HS",50,50,3,"6",-65.3593105490603,0.352993011474609
"841","HS",50,50,4,"1",-1.41422840165757,0.300268888473511
"842","HS",50,50,4,"2",-7.60006498645586,0.293915033340454
"843","HS",50,50,4,"3",33.9446964226166,0.317513942718506
"844","HS",50,50,4,"4",-4.4142348769572,0.297861099243164
"845","HS",50,50,4,"5",-8.30512252916668,0.307941913604736
"846","HS",50,50,4,"6",-42.2539180776346,0.32436990737915
"847","HS",50,100,2,"1",-32.3819532505152,0.383594036102295
"848","HS",50,100,2,"2",-36.2905799450244,0.374254941940308
"849","HS",50,100,2,"3",-26.1523176207956,0.435724973678589
"850","HS",50,100,2,"4",-36.0653867853537,0.383139133453369
"851","HS",50,100,2,"5",-35.8621159702027,0.406502962112427
"852","HS",50,100,2,"6",-103.60425607812,0.434412002563477
"853","HS",50,100,3,"1",-1.14455312236506,0.369101047515869
"854","HS",50,100,3,"2",-7.58626176412547,0.36205005645752
"855","HS",50,100,3,"3",6.2714619674255,0.445137023925781
"856","HS",50,100,3,"4",-3.86929295624585,0.364115953445435
"857","HS",50,100,3,"5",-3.97934048952373,0.367727041244507
"858","HS",50,100,3,"6",-61.8924082920442,0.468086004257202
"859","HS",50,100,4,"1",-1.17999638915464,0.39687180519104
"860","HS",50,100,4,"2",-7.62822193629174,0.425378084182739
"861","HS",50,100,4,"3",33.8831160140789,0.445812940597534
"862","HS",50,100,4,"4",-5.7319861487301,0.449066877365112
"863","HS",50,100,4,"5",-5.41291550395002,0.408200025558472
"864","HS",50,100,4,"6",-41.3339093649837,0.596994161605835
"865","HS",100,20,2,"1",-32.5474209565919,0.289151906967163
"866","HS",100,20,2,"2",-36.7158920328988,0.284207105636597
"867","HS",100,20,2,"3",-25.3244346691684,0.312276124954224
"868","HS",100,20,2,"4",-38.2316003720624,0.289427042007446
"869","HS",100,20,2,"5",-36.2769882336762,0.309861898422241
"870","HS",100,20,2,"6",-108.555711393478,0.318347930908203
"871","HS",100,20,3,"1",-1.14021912998818,0.252744913101196
"872","HS",100,20,3,"2",-7.66871815803232,0.262071132659912
"873","HS",100,20,3,"3",6.63857458907613,0.386205196380615
"874","HS",100,20,3,"4",-6.07620320920621,0.329467058181763
"875","HS",100,20,3,"5",-7.24656985133305,0.325963973999023
"876","HS",100,20,3,"6",-74.499118194408,0.351037979125977
"877","HS",100,20,4,"1",-1.14149484850801,0.288555860519409
"878","HS",100,20,4,"2",-7.61173013053961,0.27650785446167
"879","HS",100,20,4,"3",33.9274031774434,0.305580854415894
"880","HS",100,20,4,"4",-7.19570168315397,0.326918125152588
"881","HS",100,20,4,"5",-7.81642467978167,0.280697822570801
"882","HS",100,20,4,"6",-41.0694244236803,0.305965900421143
"883","HS",100,50,2,"1",-32.1826509356586,0.375494956970215
"884","HS",100,50,2,"2",-36.428250147713,0.376893997192383
"885","HS",100,50,2,"3",-25.6150004235902,0.450590133666992
"886","HS",100,50,2,"4",-41.2087414278067,0.387372016906738
"887","HS",100,50,2,"5",-36.1112713561271,0.397594928741455
"888","HS",100,50,2,"6",-91.9854957765312,0.43782901763916
"889","HS",100,50,3,"1",-1.15514841510555,0.362195014953613
"890","HS",100,50,3,"2",-7.58955653243778,0.368484973907471
"891","HS",100,50,3,"3",6.27846742072935,0.446810007095337
"892","HS",100,50,3,"4",-5.18807729226341,0.365756988525391
"893","HS",100,50,3,"5",-3.54645258454478,0.365853071212769
"894","HS",100,50,3,"6",-62.5223177098391,0.466135025024414
"895","HS",100,50,4,"1",-1.21542043497068,0.40756106376648
"896","HS",100,50,4,"2",-7.59601626337245,0.409904956817627
"897","HS",100,50,4,"3",33.9921864398642,0.429306030273438
"898","HS",100,50,4,"4",-5.14448584537351,0.403033018112183
"899","HS",100,50,4,"5",-3.55768353697212,0.426135063171387
"900","HS",100,50,4,"6",-39.6537252695998,0.447914123535156
"901","HS",100,100,2,"1",-32.1281613138828,0.544007062911987
"902","HS",100,100,2,"2",-36.2004071697681,0.520165205001831
"903","HS",100,100,2,"3",-25.4781526226006,0.60492205619812
"904","HS",100,100,2,"4",-38.078951771243,0.555556058883667
"905","HS",100,100,2,"5",-35.8220969621436,0.562103033065796
"906","HS",100,100,2,"6",-91.4670544371275,0.645054817199707
"907","HS",100,100,3,"1",-1.13613573714979,0.525871992111206
"908","HS",100,100,3,"2",-7.6363725708908,0.546463012695312
"909","HS",100,100,3,"3",6.87090914573918,0.660394906997681
"910","HS",100,100,3,"4",-3.35233502395178,0.537642955780029
"911","HS",100,100,3,"5",-3.53522685292195,0.560225009918213
"912","HS",100,100,3,"6",-61.699229623537,0.669700860977173
"913","HS",100,100,4,"1",-1.13501001381944,0.631446123123169
"914","HS",100,100,4,"2",-7.52659985474952,0.616438150405884
"915","HS",100,100,4,"3",33.9692153830839,0.676314830780029
"916","HS",100,100,4,"4",-5.25933574774228,0.637306928634644
"917","HS",100,100,4,"5",-4.93652536716794,0.635592937469482
"918","HS",100,100,4,"6",-39.5427164210542,0.70014214515686
"919","HS",200,20,2,"1",-32.259526377127,0.336220026016235
"920","HS",200,20,2,"2",-36.608682918812,0.492817163467407
"921","HS",200,20,2,"3",-25.3013808250801,0.39020299911499
"922","HS",200,20,2,"4",-39.7534128971456,0.347293853759766
"923","HS",200,20,2,"5",-36.3336002560982,0.377400875091553
"924","HS",200,20,2,"6",-102.503593059319,0.396968126296997
"925","HS",200,20,3,"1",-1.14898625996665,0.341840982437134
"926","HS",200,20,3,"2",-7.67018301176362,0.348264932632446
"927","HS",200,20,3,"3",6.98890814596424,0.552608966827393
"928","HS",200,20,3,"4",-6.43737587452435,0.38974404335022
"929","HS",200,20,3,"5",-4.75949751654169,0.355307102203369
"930","HS",200,20,3,"6",-74.9910282819198,0.426225185394287
"931","HS",200,20,4,"1",-1.19398571001993,0.374926090240479
"932","HS",200,20,4,"2",-7.59337913122381,0.36915397644043
"933","HS",200,20,4,"3",34.0048109690994,0.386905193328857
"934","HS",200,20,4,"4",-4.2163397738815,0.366882085800171
"935","HS",200,20,4,"5",-4.71794763005328,0.389720916748047
"936","HS",200,20,4,"6",-39.8591274637706,0.411113023757935
"937","HS",200,50,2,"1",-32.1577725536025,0.533699035644531
"938","HS",200,50,2,"2",-35.9452011909898,0.539131164550781
"939","HS",200,50,2,"3",-25.355186870559,0.589456081390381
"940","HS",200,50,2,"4",-37.131896760471,0.58016300201416
"941","HS",200,50,2,"5",-36.0682237944937,0.539112091064453
"942","HS",200,50,2,"6",-101.798357929659,0.615022897720337
"943","HS",200,50,3,"1",-1.13112702089998,0.536870002746582
"944","HS",200,50,3,"2",-7.63497822407777,0.550951957702637
"945","HS",200,50,3,"3",6.79723634560753,0.651540040969849
"946","HS",200,50,3,"4",-5.54749220293498,0.54751181602478
"947","HS",200,50,3,"5",-5.29425961957005,0.562862157821655
"948","HS",200,50,3,"6",-63.5427104974631,0.701712131500244
"949","HS",200,50,4,"1",-1.14703829044999,0.611437082290649
"950","HS",200,50,4,"2",-7.51727003446813,0.636898040771484
"951","HS",200,50,4,"3",33.9801658801984,0.662964105606079
"952","HS",200,50,4,"4",-5.32244007709239,0.688500881195068
"953","HS",200,50,4,"5",-5.26327381058388,0.674176931381226
"954","HS",200,50,4,"6",-39.5658473016308,0.677758932113647
"955","HS",200,100,2,"1",-32.1656179116377,0.848410844802856
"956","HS",200,100,2,"2",-36.2622391054217,0.863531827926636
"957","HS",200,100,2,"3",-25.5688255506708,1.10240507125854
"958","HS",200,100,2,"4",-37.214030348239,0.916797161102295
"959","HS",200,100,2,"5",-35.8886632672097,1.02155494689941
"960","HS",200,100,2,"6",-101.921642173326,0.974849939346313
"961","HS",200,100,3,"1",-1.12715120315187,0.875375986099243
"962","HS",200,100,3,"2",-7.58055172596509,0.888314008712769
"963","HS",200,100,3,"3",6.81780743694616,1.08383202552795
"964","HS",200,100,3,"4",-2.11815063882699,0.893525123596191
"965","HS",200,100,3,"5",-3.53543217866989,0.908474922180176
"966","HS",200,100,3,"6",-61.5865566220546,1.11851787567139
"967","HS",200,100,4,"1",-1.13484329231098,1.07020902633667
"968","HS",200,100,4,"2",-7.52173436423625,1.0598349571228
"969","HS",200,100,4,"3",34.0180944341026,1.11056208610535
"970","HS",200,100,4,"4",-2.59855285829467,1.05952095985413
"971","HS",200,100,4,"5",-3.53961401025422,1.07949209213257
"972","HS",200,100,4,"6",-39.5258941567056,1.15156292915344
"973","HS",500,20,2,"1",-32.582518181681,0.68257999420166
"974","HS",500,20,2,"2",-36.6710377581072,0.536401987075806
"975","HS",500,20,2,"3",-25.2315504217361,0.591475963592529
"976","HS",500,20,2,"4",-37.619615037441,0.552897930145264
"977","HS",500,20,2,"5",-35.9744929736488,0.576592922210693
"978","HS",500,20,2,"6",-91.6919613596433,0.633687019348145
"979","HS",500,20,3,"1",-1.13461854133688,0.567615032196045
"980","HS",500,20,3,"2",-7.5880923686235,0.561391830444336
"981","HS",500,20,3,"3",6.8575163364725,0.66480016708374
"982","HS",500,20,3,"4",-4.76622270722095,0.566360950469971
"983","HS",500,20,3,"5",-7.80244304884161,0.584974050521851
"984","HS",500,20,3,"6",-62.0252279500296,0.681339979171753
"985","HS",500,20,4,"1",-1.13477146780824,0.66671895980835
"986","HS",500,20,4,"2",-7.56411432517861,0.640953063964844
"987","HS",500,20,4,"3",34.0122746493963,0.678673028945923
"988","HS",500,20,4,"4",-4.85671846323458,0.639467000961304
"989","HS",500,20,4,"5",-3.54874624346922,0.670202970504761
"990","HS",500,20,4,"6",-39.5243345107384,0.701059103012085
"991","HS",500,50,2,"1",-32.0876686938554,0.976428031921387
"992","HS",500,50,2,"2",-35.9577000811649,1.00240802764893
"993","HS",500,50,2,"3",-25.6981439811846,1.17328190803528
"994","HS",500,50,2,"4",-36.893153791831,1.02691602706909
"995","HS",500,50,2,"5",-35.4389434374487,1.04656982421875
"996","HS",500,50,2,"6",-99.9770206564108,1.19705009460449
"997","HS",500,50,3,"1",-1.12741160760035,1.07690000534058
"998","HS",500,50,3,"2",-7.57979344853815,1.24052906036377
"999","HS",500,50,3,"3",7.31939466145923,1.27035307884216
"1000","HS",500,50,3,"4",-1.70226302067657,1.11382102966309
"1001","HS",500,50,3,"5",-4.34722544512684,1.13213896751404
"1002","HS",500,50,3,"6",-61.1535421171088,1.37052893638611
"1003","HS",500,50,4,"1",-1.12760741910932,1.29056286811829
"1004","HS",500,50,4,"2",-7.51943237347493,1.29730200767517
"1005","HS",500,50,4,"3",33.9952401889396,1.33214902877808
"1006","HS",500,50,4,"4",-2.36562362194848,1.43024015426636
"1007","HS",500,50,4,"5",-3.55813755234488,1.33133983612061
"1008","HS",500,50,4,"6",-39.5523419944636,1.39331102371216
"1009","HS",500,100,2,"1",-32.3398005955617,1.73853492736816
"1010","HS",500,100,2,"2",-36.1519716338061,1.73890614509583
"1011","HS",500,100,2,"3",-25.0923099271423,2.03491997718811
"1012","HS",500,100,2,"4",-35.9223071919164,1.9202389717102
"1013","HS",500,100,2,"5",-34.7876719036511,1.85826706886292
"1014","HS",500,100,2,"6",-91.3905575149806,2.15133595466614
"1015","HS",500,100,3,"1",-1.12641916200764,2.12687802314758
"1016","HS",500,100,3,"2",-7.5787492215342,1.97353005409241
"1017","HS",500,100,3,"3",7.18829216017229,2.28865694999695
"1018","HS",500,100,3,"4",-2.3891409479721,2.01405906677246
"1019","HS",500,100,3,"5",-3.52919869239722,2.06206798553467
"1020","HS",500,100,3,"6",-61.2564798854014,2.40468287467957
"1021","HS",500,100,4,"1",-1.12693274449003,2.5109441280365
"1022","HS",500,100,4,"2",-7.51387416335567,2.38430905342102
"1023","HS",500,100,4,"3",34.0024317926003,2.47426199913025
"1024","HS",500,100,4,"4",-2.68882081236798,2.39032411575317
"1025","HS",500,100,4,"5",-3.52971887694626,2.56559801101685
"1026","HS",500,100,4,"6",-39.5333116219065,2.54764795303345
"1027","HS",1000,20,2,"1",-32.3098543505771,0.86810302734375
"1028","HS",1000,20,2,"2",-36.5581063131939,0.894354104995728
"1029","HS",1000,20,2,"3",-25.1775775523547,1.00714111328125
"1030","HS",1000,20,2,"4",-37.3343361948697,0.948307991027832
"1031","HS",1000,20,2,"5",-35.7526912741056,0.946772813796997
"1032","HS",1000,20,2,"6",-92.0929874110234,1.0831561088562
"1033","HS",1000,20,3,"1",-1.12674234565676,0.954510927200317
"1034","HS",1000,20,3,"2",-7.63207122388246,0.987838983535767
"1035","HS",1000,20,3,"3",6.96255769755076,1.09145402908325
"1036","HS",1000,20,3,"4",-5.18114788410973,0.948172092437744
"1037","HS",1000,20,3,"5",-3.54277745057227,0.991215944290161
"1038","HS",1000,20,3,"6",-61.1783309862862,1.14880800247192
"1039","HS",1000,20,4,"1",-1.13194725465424,1.26463198661804
"1040","HS",1000,20,4,"2",-7.54923821739616,1.12799000740051
"1041","HS",1000,20,4,"3",34.0228323065671,1.17957806587219
"1042","HS",1000,20,4,"4",-0.698484743273703,1.11991000175476
"1043","HS",1000,20,4,"5",-3.53371890488712,1.14301681518555
"1044","HS",1000,20,4,"6",-39.5315445511454,1.21644496917725
"1045","HS",1000,50,2,"1",-32.0330061811518,1.77456498146057
"1046","HS",1000,50,2,"2",-36.3486194945582,1.79079699516296
"1047","HS",1000,50,2,"3",-25.3448641420617,2.08266878128052
"1048","HS",1000,50,2,"4",-35.9788396090113,1.851891040802
"1049","HS",1000,50,2,"5",-35.7590114079361,2.05540609359741
"1050","HS",1000,50,2,"6",-92.2012829888822,2.12722778320312
"1051","HS",1000,50,3,"1",-1.12659603736845,2.05971717834473
"1052","HS",1000,50,3,"2",-7.5841546225558,2.04544997215271
"1053","HS",1000,50,3,"3",7.24579567076485,2.28665494918823
"1054","HS",1000,50,3,"4",-0.657529380148796,2.08778715133667
"1055","HS",1000,50,3,"5",-3.52840830180943,2.27160596847534
"1056","HS",1000,50,3,"6",-61.1241518323148,2.43077683448792
"1057","HS",1000,50,4,"1",-1.12674779028703,2.42612814903259
"1058","HS",1000,50,4,"2",-7.51152929471541,2.44190692901611
"1059","HS",1000,50,4,"3",34.0246925190585,2.57610607147217
"1060","HS",1000,50,4,"4",-3.19274933425457,2.5827841758728
"1061","HS",1000,50,4,"5",-3.5318752965552,2.50300693511963
"1062","HS",1000,50,4,"6",-39.5056810145135,2.6581118106842
"1063","HS",1000,100,2,"1",-32.0185415333107,3.30227398872375
"1064","HS",1000,100,2,"2",-36.070516236324,3.32619094848633
"1065","HS",1000,100,2,"3",-25.3594884467325,3.86082100868225
"1066","HS",1000,100,2,"4",-37.3217311266829,3.53574919700623
"1067","HS",1000,100,2,"5",-33.7101796559815,3.49002003669739
"1068","HS",1000,100,2,"6",-91.2969779531775,4.04960989952087
"1069","HS",1000,100,3,"1",-1.12673285571996,4.0469651222229
"1070","HS",1000,100,3,"2",-7.57953532176046,3.97476291656494
"1071","HS",1000,100,3,"3",6.85731265482013,4.32167887687683
"1072","HS",1000,100,3,"4",-1.68324410635091,4.06634998321533
"1073","HS",1000,100,3,"5",-3.52918400989055,4.0286111831665
"1074","HS",1000,100,3,"6",-61.1398661889274,4.67294406890869
"1075","HS",1000,100,4,"1",-1.12666660211387,4.8190610408783
"1076","HS",1000,100,4,"2",-7.51219245090207,4.68448400497437
"1077","HS",1000,100,4,"3",34.0246109849419,5.07614803314209
"1078","HS",1000,100,4,"4",-0.695567441954433,4.6966769695282
"1079","HS",1000,100,4,"5",-3.53356989255897,4.88910007476807
"1080","HS",1000,100,4,"6",-39.5052376760047,4.99115514755249
"1081","MFO",50,20,2,"1",-32.8585953251799,0.247184991836548
"1082","MFO",50,20,2,"2",-36.7891302216854,0.270985126495361
"1083","MFO",50,20,2,"3",-Inf,0.258676052093506
"1084","MFO",50,20,2,"4",-38.3460470348756,0.253661155700684
"1085","MFO",50,20,2,"5",-33.9993278390169,0.249840021133423
"1086","MFO",50,20,2,"6",-105.099525892827,0.292557954788208
"1087","MFO",50,20,3,"1",-1.16486907223271,0.220822095870972
"1088","MFO",50,20,3,"2",-7.88042811270385,0.215965032577515
"1089","MFO",50,20,3,"3",5.85633960580957,0.265954971313477
"1090","MFO",50,20,3,"4",-0.402223195253809,0.215194940567017
"1091","MFO",50,20,3,"5",-3.56459308393932,0.218518018722534
"1092","MFO",50,20,3,"6",-78.4003109565108,0.297268867492676
"1093","MFO",50,20,4,"1",-1.43477572251102,0.213619947433472
"1094","MFO",50,20,4,"2",-7.90399035062279,0.225533008575439
"1095","MFO",50,20,4,"3",33.7549483136413,0.241634845733643
"1096","MFO",50,20,4,"4",-0.835975106501373,0.229714155197144
"1097","MFO",50,20,4,"5",-Inf,0.15764594078064
"1098","MFO",50,20,4,"6",-Inf,0.162916898727417
"1099","MFO",50,50,2,"1",-32.5545159688468,0.295819997787476
"1100","MFO",50,50,2,"2",-36.8186025170151,0.305258989334106
"1101","MFO",50,50,2,"3",-26.3546275421876,0.309247016906738
"1102","MFO",50,50,2,"4",-34.6089451583753,0.301447868347168
"1103","MFO",50,50,2,"5",-34.0242400228794,0.304989099502563
"1104","MFO",50,50,2,"6",-103.526382086094,0.336338043212891
"1105","MFO",50,50,3,"1",-1.13435224972315,0.259140014648438
"1106","MFO",50,50,3,"2",-7.64208117854601,0.243033885955811
"1107","MFO",50,50,3,"3",6.5487994363616,0.317827939987183
"1108","MFO",50,50,3,"4",-0.371764486611665,0.255100011825562
"1109","MFO",50,50,3,"5",-3.53314365190078,0.25472092628479
"1110","MFO",50,50,3,"6",-77.2992294883946,0.334161043167114
"1111","MFO",50,50,4,"1",-Inf,0.177048921585083
"1112","MFO",50,50,4,"2",-7.69253538314794,0.256415128707886
"1113","MFO",50,50,4,"3",-Inf,0.184709072113037
"1114","MFO",50,50,4,"4",-0.331503817238554,0.267400026321411
"1115","MFO",50,50,4,"5",-3.52952024071535,0.282073974609375
"1116","MFO",50,50,4,"6",-41.0750689133098,0.29700779914856
"1117","MFO",50,100,2,"1",-32.3958530132046,0.357010126113892
"1118","MFO",50,100,2,"2",-36.7277463140007,0.364120960235596
"1119","MFO",50,100,2,"3",-26.2774192210195,0.409932136535645
"1120","MFO",50,100,2,"4",-34.9636237170013,0.368361949920654
"1121","MFO",50,100,2,"5",-34.2185959263149,0.381505966186523
"1122","MFO",50,100,2,"6",-98.9587235200682,0.417760848999023
"1123","MFO",50,100,3,"1",-1.1283179375745,0.317919969558716
"1124","MFO",50,100,3,"2",-7.59826284334273,0.304013013839722
"1125","MFO",50,100,3,"3",6.36425994968481,0.390101909637451
"1126","MFO",50,100,3,"4",-0.360448270528906,0.3156418800354
"1127","MFO",50,100,3,"5",-3.52931808927199,0.341636896133423
"1128","MFO",50,100,3,"6",-65.7726714637607,0.425235986709595
"1129","MFO",50,100,4,"1",-1.2351222528528,0.334422826766968
"1130","MFO",50,100,4,"2",-7.7168672888463,0.339258909225464
"1131","MFO",50,100,4,"3",33.9920563298672,0.370193004608154
"1132","MFO",50,100,4,"4",-0.411588414005092,0.353379011154175
"1133","MFO",50,100,4,"5",-3.54521733497138,0.315915822982788
"1134","MFO",50,100,4,"6",-40.1239974628224,0.397656917572021
"1135","MFO",100,20,2,"1",-32.8802998540151,0.291189193725586
"1136","MFO",100,20,2,"2",-36.6898830391993,0.324138164520264
"1137","MFO",100,20,2,"3",-25.7066288632945,0.393102884292603
"1138","MFO",100,20,2,"4",-35.3591830493788,0.304728031158447
"1139","MFO",100,20,2,"5",-34.2553452911085,0.337824106216431
"1140","MFO",100,20,2,"6",-104.049935153358,0.336944103240967
"1141","MFO",100,20,3,"1",-Inf,0.17029595375061
"1142","MFO",100,20,3,"2",-7.71030008097288,0.253702163696289
"1143","MFO",100,20,3,"3",6.15627575854218,0.318022012710571
"1144","MFO",100,20,3,"4",-0.350589603722929,0.24866795539856
"1145","MFO",100,20,3,"5",-3.58782998394007,0.251156091690063
"1146","MFO",100,20,3,"6",-75.5992856594554,0.33132815361023
"1147","MFO",100,20,4,"1",-Inf,0.181555032730103
"1148","MFO",100,20,4,"2",-Inf,0.175059080123901
"1149","MFO",100,20,4,"3",-Inf,0.172506093978882
"1150","MFO",100,20,4,"4",-0.625665885592784,0.246505975723267
"1151","MFO",100,20,4,"5",-3.58138438974036,0.250211954116821
"1152","MFO",100,20,4,"6",-39.6922320862765,0.306010007858276
"1153","MFO",100,50,2,"1",-32.8387659825093,0.377823829650879
"1154","MFO",100,50,2,"2",-36.5553492168517,0.377407789230347
"1155","MFO",100,50,2,"3",-26.0619248819723,0.434867143630981
"1156","MFO",100,50,2,"4",-34.888988962537,0.376782894134521
"1157","MFO",100,50,2,"5",-33.9895992109636,0.381918907165527
"1158","MFO",100,50,2,"6",-102.731706288954,0.585052967071533
"1159","MFO",100,50,3,"1",-1.13391069621515,0.322777032852173
"1160","MFO",100,50,3,"2",-7.63847787050191,0.308227062225342
"1161","MFO",100,50,3,"3",6.44758047361492,0.430030107498169
"1162","MFO",100,50,3,"4",-0.306614141313656,0.316721200942993
"1163","MFO",100,50,3,"5",-3.55002321015726,0.337805032730103
"1164","MFO",100,50,3,"6",-62.1228348764531,0.424236059188843
"1165","MFO",100,50,4,"1",-1.14034460882088,0.327377080917358
"1166","MFO",100,50,4,"2",-7.63062975338294,0.331410884857178
"1167","MFO",100,50,4,"3",34.0168610792567,0.383501052856445
"1168","MFO",100,50,4,"4",-0.291424001796681,0.334443092346191
"1169","MFO",100,50,4,"5",-3.53249132252604,0.355791091918945
"1170","MFO",100,50,4,"6",-40.8246142056243,0.387067079544067
"1171","MFO",100,100,2,"1",-32.3709836817142,0.509104013442993
"1172","MFO",100,100,2,"2",-36.5842410733118,0.517541170120239
"1173","MFO",100,100,2,"3",-25.8638112484628,0.604657888412476
"1174","MFO",100,100,2,"4",-34.4648251889026,0.504611968994141
"1175","MFO",100,100,2,"5",-33.7900920280786,0.49545693397522
"1176","MFO",100,100,2,"6",-92.0891677564076,0.610856056213379
"1177","MFO",100,100,3,"1",-1.12647918507875,0.409179925918579
"1178","MFO",100,100,3,"2",-7.64107126090188,0.446111917495728
"1179","MFO",100,100,3,"3",6.65457204864973,0.58643102645874
"1180","MFO",100,100,3,"4",-0.308997499773676,0.436378002166748
"1181","MFO",100,100,3,"5",-3.53186280378511,0.434170961380005
"1182","MFO",100,100,3,"6",-63.4091465365402,0.636538982391357
"1183","MFO",100,100,4,"1",-1.12773712664539,0.470616102218628
"1184","MFO",100,100,4,"2",-7.57089291840881,0.465188026428223
"1185","MFO",100,100,4,"3",34.0179625011587,0.532843112945557
"1186","MFO",100,100,4,"4",-0.508007442373534,0.469774007797241
"1187","MFO",100,100,4,"5",-3.53203558295512,0.471981048583984
"1188","MFO",100,100,4,"6",-39.5372840660492,0.549845933914185
"1189","MFO",200,20,2,"1",-32.2144216065959,0.365602016448975
"1190","MFO",200,20,2,"2",-36.7016203890675,0.347782135009766
"1191","MFO",200,20,2,"3",-26.2362094931801,0.400731086730957
"1192","MFO",200,20,2,"4",-34.5448485386257,0.347702980041504
"1193","MFO",200,20,2,"5",-33.8962567065053,0.353583097457886
"1194","MFO",200,20,2,"6",-102.610319282358,0.409272909164429
"1195","MFO",200,20,3,"1",-1.13846549569243,0.301106929779053
"1196","MFO",200,20,3,"2",-7.6536949729447,0.297008037567139
"1197","MFO",200,20,3,"3",6.63416301371934,0.405610084533691
"1198","MFO",200,20,3,"4",-Inf,0.210774898529053
"1199","MFO",200,20,3,"5",-3.54179222775696,0.304795980453491
"1200","MFO",200,20,3,"6",-74.574783008403,0.428200006484985
"1201","MFO",200,20,4,"1",-1.17101860675931,0.312631130218506
"1202","MFO",200,20,4,"2",-7.5167148923592,0.32278299331665
"1203","MFO",200,20,4,"3",-Inf,0.207954883575439
"1204","MFO",200,20,4,"4",-0.321440092122106,0.326778888702393
"1205","MFO",200,20,4,"5",-Inf,0.200793027877808
"1206","MFO",200,20,4,"6",-41.267401999335,0.380865097045898
"1207","MFO",200,50,2,"1",-32.0894677676502,0.518468141555786
"1208","MFO",200,50,2,"2",-36.5016379516038,0.520771980285645
"1209","MFO",200,50,2,"3",-25.0610017829078,0.600071907043457
"1210","MFO",200,50,2,"4",-34.3760587891276,0.518945932388306
"1211","MFO",200,50,2,"5",-33.5201343414345,0.503715991973877
"1212","MFO",200,50,2,"6",-91.906443078006,0.624752044677734
"1213","MFO",200,50,3,"1",-1.13809257716584,0.446522951126099
"1214","MFO",200,50,3,"2",-7.61500992637505,0.423892974853516
"1215","MFO",200,50,3,"3",6.95127712907622,0.583595037460327
"1216","MFO",200,50,3,"4",-0.295699306629496,0.425963163375854
"1217","MFO",200,50,3,"5",-3.53001132794988,0.445850133895874
"1218","MFO",200,50,3,"6",-75.6387615218524,0.587634086608887
"1219","MFO",200,50,4,"1",-1.15764746776637,0.472066879272461
"1220","MFO",200,50,4,"2",-7.53078968922597,0.460639953613281
"1221","MFO",200,50,4,"3",33.9387347616357,0.523433923721313
"1222","MFO",200,50,4,"4",-0.297369745183893,0.464756965637207
"1223","MFO",200,50,4,"5",-Inf,0.288971185684204
"1224","MFO",200,50,4,"6",-50.4980492248525,0.561859846115112
"1225","MFO",200,100,2,"1",-32.1905165802428,0.755688190460205
"1226","MFO",200,100,2,"2",-36.2380654334452,0.773273944854736
"1227","MFO",200,100,2,"3",-25.9447656102762,0.933854103088379
"1228","MFO",200,100,2,"4",-34.3272883959754,0.933198928833008
"1229","MFO",200,100,2,"5",-33.5983757235172,0.824782133102417
"1230","MFO",200,100,2,"6",-102.27302166908,0.968850135803223
"1231","MFO",200,100,3,"1",-1.12650851326671,0.637469053268433
"1232","MFO",200,100,3,"2",-7.57991271819367,0.657707929611206
"1233","MFO",200,100,3,"3",6.94796039709897,0.899080991744995
"1234","MFO",200,100,3,"4",-0.294267545148791,0.67508602142334
"1235","MFO",200,100,3,"5",-3.52888677436464,0.657596826553345
"1236","MFO",200,100,3,"6",-62.1464326600109,1.00147390365601
"1237","MFO",200,100,4,"1",-1.13069968555419,0.69379711151123
"1238","MFO",200,100,4,"2",-7.63202714085648,0.735605001449585
"1239","MFO",200,100,4,"3",34.0150771237104,0.790241003036499
"1240","MFO",200,100,4,"4",-0.293778440996604,0.725691080093384
"1241","MFO",200,100,4,"5",-3.52993694714293,0.728047132492065
"1242","MFO",200,100,4,"6",-39.512699836945,0.860844135284424
"1243","MFO",500,20,2,"1",-32.324161075867,0.508807897567749
"1244","MFO",500,20,2,"2",-36.1370280777663,0.51357102394104
"1245","MFO",500,20,2,"3",-26.6323739852104,0.540710926055908
"1246","MFO",500,20,2,"4",-34.4551419781945,0.532692909240723
"1247","MFO",500,20,2,"5",-33.6642964427965,0.515619993209839
"1248","MFO",500,20,2,"6",-103.481055439726,0.62146782875061
"1249","MFO",500,20,3,"1",-1.16033071715505,0.449090003967285
"1250","MFO",500,20,3,"2",-7.66395309174721,0.452753067016602
"1251","MFO",500,20,3,"3",-Inf,0.319945812225342
"1252","MFO",500,20,3,"4",-0.325775798419937,0.424987077713013
"1253","MFO",500,20,3,"5",-3.54492732864029,0.477946043014526
"1254","MFO",500,20,3,"6",-Inf,0.312786817550659
"1255","MFO",500,20,4,"1",-Inf,0.320013999938965
"1256","MFO",500,20,4,"2",-7.6030447846463,0.48363208770752
"1257","MFO",500,20,4,"3",34.0200919884694,0.563866853713989
"1258","MFO",500,20,4,"4",-0.376545047523061,0.493115901947021
"1259","MFO",500,20,4,"5",-3.53652350816944,0.522336959838867
"1260","MFO",500,20,4,"6",-Inf,0.301954984664917
"1261","MFO",500,50,2,"1",-32.3169785890253,0.866595029830933
"1262","MFO",500,50,2,"2",-36.3688201210288,0.867137908935547
"1263","MFO",500,50,2,"3",-25.5606256005659,0.988674879074097
"1264","MFO",500,50,2,"4",-34.2324332855285,0.940438032150269
"1265","MFO",500,50,2,"5",-33.7272620755873,0.912116050720215
"1266","MFO",500,50,2,"6",-101.779828269802,1.17976188659668
"1267","MFO",500,50,3,"1",-1.13137106045013,0.758370161056519
"1268","MFO",500,50,3,"2",-7.63275746317484,0.794841051101685
"1269","MFO",500,50,3,"3",6.96209961208046,1.09856510162354
"1270","MFO",500,50,3,"4",-0.296574823516792,0.812371015548706
"1271","MFO",500,50,3,"5",-3.53339677735614,0.790989875793457
"1272","MFO",500,50,3,"6",-73.8456339971616,1.18569803237915
"1273","MFO",500,50,4,"1",-1.13147932012755,0.85688304901123
"1274","MFO",500,50,4,"2",-7.63304038678235,0.896288871765137
"1275","MFO",500,50,4,"3",33.7066164673602,0.945376873016357
"1276","MFO",500,50,4,"4",-0.291597136925514,0.849390983581543
"1277","MFO",500,50,4,"5",-3.53297552057598,0.879286050796509
"1278","MFO",500,50,4,"6",-39.5158010036857,1.03072309494019
"1279","MFO",500,100,2,"1",-32.1511448722315,1.46367597579956
"1280","MFO",500,100,2,"2",-35.9803048407206,1.51267504692078
"1281","MFO",500,100,2,"3",-25.6348276878647,1.74406814575195
"1282","MFO",500,100,2,"4",-34.2156084250983,1.51766490936279
"1283","MFO",500,100,2,"5",-33.7072687577812,1.59429097175598
"1284","MFO",500,100,2,"6",-101.801482445067,2.02927589416504
"1285","MFO",500,100,3,"1",-1.12959895823595,1.28738808631897
"1286","MFO",500,100,3,"2",-7.57995210595407,1.36207389831543
"1287","MFO",500,100,3,"3",6.97087993879964,1.84880900382996
"1288","MFO",500,100,3,"4",-0.293353842941366,1.31534504890442
"1289","MFO",500,100,3,"5",-3.52732144727968,1.37025904655457
"1290","MFO",500,100,3,"6",-61.3089019357983,1.97511911392212
"1291","MFO",500,100,4,"1",-1.12665953852371,1.51227188110352
"1292","MFO",500,100,4,"2",-7.52952116790407,1.52894377708435
"1293","MFO",500,100,4,"3",34.0196841336483,1.58524990081787
"1294","MFO",500,100,4,"4",-0.29224737569511,1.45317387580872
"1295","MFO",500,100,4,"5",-3.53491011236025,1.57422113418579
"1296","MFO",500,100,4,"6",-41.1313011062568,1.70339703559875
"1297","MFO",1000,20,2,"1",-32.1214962313021,0.894551038742065
"1298","MFO",1000,20,2,"2",-36.1479464687805,0.759588956832886
"1299","MFO",1000,20,2,"3",-26.6777153910313,0.863168954849243
"1300","MFO",1000,20,2,"4",-Inf,0.713775873184204
"1301","MFO",1000,20,2,"5",-33.9009090698112,0.795938014984131
"1302","MFO",1000,20,2,"6",-91.4649163240801,0.96354603767395
"1303","MFO",1000,20,3,"1",-1.13409951943479,0.748925924301147
"1304","MFO",1000,20,3,"2",-7.6776747291325,0.728860139846802
"1305","MFO",1000,20,3,"3",6.85944637184789,0.938054800033569
"1306","MFO",1000,20,3,"4",-0.299897867021524,0.757678985595703
"1307","MFO",1000,20,3,"5",-3.58169861339136,0.76097822189331
"1308","MFO",1000,20,3,"6",-75.4385993773637,0.982223033905029
"1309","MFO",1000,20,4,"1",-Inf,0.48928689956665
"1310","MFO",1000,20,4,"2",-7.58157195151424,0.823818206787109
"1311","MFO",1000,20,4,"3",33.6844254838979,0.933744192123413
"1312","MFO",1000,20,4,"4",-Inf,0.498171091079712
"1313","MFO",1000,20,4,"5",-3.56753672423488,0.847272157669067
"1314","MFO",1000,20,4,"6",-39.556696971839,0.961184024810791
"1315","MFO",1000,50,2,"1",-32.1033454685887,1.48149800300598
"1316","MFO",1000,50,2,"2",-36.1629868534704,1.45059204101562
"1317","MFO",1000,50,2,"3",-25.4206599996506,1.69945383071899
"1318","MFO",1000,50,2,"4",-34.2692736897161,1.51664400100708
"1319","MFO",1000,50,2,"5",-33.533883735115,1.71808481216431
"1320","MFO",1000,50,2,"6",-91.7290015518129,1.83303499221802
"1321","MFO",1000,50,3,"1",-1.12614543148125,1.50935387611389
"1322","MFO",1000,50,3,"2",-7.57916975612953,1.48924994468689
"1323","MFO",1000,50,3,"3",6.50756390383419,1.93600296974182
"1324","MFO",1000,50,3,"4",-0.3031265645481,1.42624807357788
"1325","MFO",1000,50,3,"5",-3.52778664035999,1.57231593132019
"1326","MFO",1000,50,3,"6",-61.645243173166,2.08614587783813
"1327","MFO",1000,50,4,"1",-1.14265094305881,1.56042289733887
"1328","MFO",1000,50,4,"2",-7.66357845883125,1.69982481002808
"1329","MFO",1000,50,4,"3",34.0198330824642,1.8163890838623
"1330","MFO",1000,50,4,"4",-0.296548945536992,1.89890789985657
"1331","MFO",1000,50,4,"5",-Inf,0.965444087982178
"1332","MFO",1000,50,4,"6",-50.4912307658275,1.9914059638977
"1333","MFO",1000,100,2,"1",-32.1407754492725,2.70153403282166
"1334","MFO",1000,100,2,"2",-36.1420711385049,2.77876615524292
"1335","MFO",1000,100,2,"3",-24.4485545601222,3.19885301589966
"1336","MFO",1000,100,2,"4",-33.9262433251749,2.72988104820251
"1337","MFO",1000,100,2,"5",-33.4774001625213,2.95747900009155
"1338","MFO",1000,100,2,"6",-91.5304206992557,3.36722993850708
"1339","MFO",1000,100,3,"1",-1.1311551954662,2.55279994010925
"1340","MFO",1000,100,3,"2",-7.63213998397776,2.58665299415588
"1341","MFO",1000,100,3,"3",7.22450875856635,3.5279278755188
"1342","MFO",1000,100,3,"4",-0.294244747604463,2.51620197296143
"1343","MFO",1000,100,3,"5",-3.52711656154901,2.75141620635986
"1344","MFO",1000,100,3,"6",-61.4238629231665,3.96744799613953
"1345","MFO",1000,100,4,"1",-1.1262713529705,3.07353711128235
"1346","MFO",1000,100,4,"2",-7.63119104920282,2.90545916557312
"1347","MFO",1000,100,4,"3",34.020435257146,3.30217504501343
"1348","MFO",1000,100,4,"4",-0.29163432723419,3.03791403770447
"1349","MFO",1000,100,4,"5",-3.53101546801012,3.17970705032349
"1350","MFO",1000,100,4,"6",-39.5065631217119,3.49656391143799
